scene_id,image_count,splits
01-PAN-20240418-318-232-L00000010061-CCD14_3,1,train
01-PAN-20240418-318-232-L00000010061-CCD18_5,1,train
01-PAN-20240420-082-358-L00000010818-CCD16_4,1,train
01-PAN-20240420-113-325-L00000010882-CCD3_5,7,train
01-PAN-20240420-113-325-L00000010882-CCD3_6,4,train
01-PAN-20240420-113-325-L00000010882-CCD4_5,2,train
01-PAN-20240420-113-325-L00000011195-CCD1_4,1,train
01-PAN-20240421-105-323-L00000010830-CCD21_4,1,train
01-PAN-20240421-423-694-L00000010874-CCD21_2,1,train
01-PAN-20240421-423-694-L00000010874-CCD21_3,2,train
01-PAN-20240421-423-694-L00000010874-CCD22_2,2,train
01-PAN-20240422-253-245-L00000010552-CCD5_1,1,train
01-PAN-20240422-253-245-L00000010552-CCD5_2,3,train
01-PAN-20240422-253-245-L00000010552-CCD5_3,2,train
01-PAN-20240422-253-245-L00000010552-CCD5_6,1,train
01-PAN-20240423-029-368-L00000011028-CCD29_4,2,train
01-PAN-20240423-439-569-L00000011168-CCD16_5,1,train
01-PAN-20240423-439-569-L00000011327-CCD15_5,1,train
01-PAN-20240423-439-569-L00000011327-CCD16_5,2,train
01-PAN-20240424-146-259-L00000010574-CCD32_7,3,train
01-PAN-20240424-146-259-L00000010814-CCD11_5,1,train
01-PAN-20240424-146-260-L00000010815-CCD32_3,3,train
01-PAN-20240429-304-323-L00000011120-CCD20_2,1,train
01-PAN-20240429-304-323-L00000011120-CCD20_4,1,train
01-PAN-20240429-304-323-L00000011120-CCD21_3,1,train
01-PAN-20240430-104-336-L00000011523-CCD22_6,1,train
01-PAN-20240430-104-336-L00000011523-CCD23_4,1,train
01-PAN-20240430-104-343-L00000011530-CCD26_4,1,train
01-PAN-20240430-104-348-L00000011535-CCD29_3,1,train
01-PAN-20240430-104-349-L00000011536-CCD22_4,1,train
01-PAN-20240430-227-632-L00000011561-CCD30_5,1,train
01-PAN-20240430-227-632-L00000011561-CCD30_6,1,train
01-PAN-20240430-297-348-L00000011339-CCD16_6,1,train
01-PAN-20240506-094-666-L00000011756-CCD4_1,2,train
01-PAN-20240506-094-666-L00000011756-CCD4_3,1,train
01-PAN-20240506-094-666-L00000011756-CCD8_2,3,train
01-PAN-20240506-094-666-L00000011756-CCD8_3,1,train
01-PAN-20240506-094-666-L00000011756-CCD8_5,1,train
01-PAN-20240506-094-666-L00000011756-CCD9_1,2,train
01-PAN-20240506-094-666-L00000011756-CCD9_2,2,train
01-PAN-20240506-094-666-L00000012249-CCD10_6,2,train
01-PAN-20240506-094-666-L00000012249-CCD11_6,8,train
01-PAN-20240506-124-321-L00000011847-CCD28_4,1,train
01-PAN-20240506-124-321-L00000011847-CCD28_5,5,train
01-PAN-20240506-124-321-L00000011847-CCD29_4,1,train
01-PAN-20240506-124-321-L00000011847-CCD29_5,1,train
01-PAN-20240510-097-233-L00000012258-CCD1_2,1,train
01-PAN-20240510-097-233-L00000012258-CCD2_2,1,train
01-PAN-20240511-122-548-L00000012428-CCD26_5,2,train
01-PAN-20240511-122-548-L00000012428-CCD27_5,1,train
01-PAN-20240511-122-548-L00000012428-CCD27_6,1,train
01-PAN-20240511-122-548-L00000012428-CCD28_5,1,train
01-PAN-20240511-152-202-L00000012357-CCD23_5,2,train
01-PAN-20240513-108-689-L00000012464-CCD29_5,1,train
01-PAN-20240513-108-689-L00000012464-CCD29_6,2,train
01-PAN-20240513-108-690-L00000012465-CCD28_2,3,train
01-PAN-20240513-108-690-L00000012465-CCD28_3,2,train
01-PAN-20240513-108-690-L00000012465-CCD29_1,3,train
01-PAN-20240513-108-690-L00000012465-CCD29_3,2,train
01-PAN-20240513-108-690-L00000012465-CCD32_5,1,train
01-PAN-20240513-108-691-L00000012466-CCD27_5,2,train
01-PAN-20240513-139-166-L00000012468-CCD22_2,1,train
01-PAN-20240513-456-301-L00000012440-CCD1_4,4,train
01-PAN-20240513-456-301-L00000012440-CCD1_5,11,train
01-PAN-20240513-456-301-L00000012440-CCD1_6,2,train
01-PAN-20240513-456-301-L00000012440-CCD2_4,1,train
01-PAN-20240513-456-301-L00000012440-CCD2_6,4,train
01-PAN-20240513-456-302-L00000012441-CCD1_1,2,train
01-PAN-20240513-456-302-L00000012441-CCD1_2,3,train
01-PAN-20240513-456-304-L00000012443-CCD11_4,10,train
01-PAN-20240513-456-304-L00000012443-CCD11_6,1,train
01-PAN-20240513-456-304-L00000012443-CCD12_4,3,train
01-PAN-20240513-456-304-L00000012443-CCD14_3,1,train
01-PAN-20240513-456-304-L00000012443-CCD15_3,8,train
01-PAN-20240513-456-304-L00000012443-CCD15_6,2,train
01-PAN-20240513-456-304-L00000012443-CCD16_1,2,train
01-PAN-20240513-456-304-L00000012443-CCD16_2,4,train
01-PAN-20240513-456-304-L00000012443-CCD16_3,1,train
01-PAN-20240513-456-304-L00000012443-CCD16_6,2,train
01-PAN-20240513-456-304-L00000012443-CCD17_2,1,train
01-PAN-20240513-456-304-L00000012443-CCD4_2,1,train
01-PAN-20240513-456-304-L00000012443-CCD5_1,1,train
01-PAN-20240513-456-304-L00000012443-CCD5_2,5,train
01-PAN-20240513-456-304-L00000012443-CCD5_4,3,train
01-PAN-20240513-456-304-L00000012443-CCD6_1,2,train
01-PAN-20240513-456-304-L00000012443-CCD6_2,11,train
01-PAN-20240513-456-304-L00000012443-CCD6_3,7,train
01-PAN-20240513-456-304-L00000012443-CCD6_4,2,train
01-PAN-20240513-456-304-L00000012443-CCD6_5,1,train
01-PAN-20240513-456-304-L00000012443-CCD7_3,10,train
01-PAN-20240513-456-304-L00000012443-CCD7_4,1,train
01-PAN-20240513-456-305-L00000012444-CCD15_1,1,train
01-PAN-20240513-456-305-L00000012444-CCD15_3,1,train
01-PAN-20240513-456-305-L00000012444-CCD15_4,5,train
01-PAN-20240513-456-305-L00000012444-CCD16_1,2,train
01-PAN-20240513-456-305-L00000012444-CCD16_2,1,train
01-PAN-20240513-456-305-L00000012444-CCD16_3,1,train
01-PAN-20240513-456-305-L00000012444-CCD16_4,1,train
01-PAN-20240513-456-305-L00000012444-CCD18_1,1,train
01-PAN-20240513-456-305-L00000012444-CCD18_3,2,train
01-PAN-20240513-456-306-L00000012445-CCD25_2,1,train
01-PAN-20240513-456-306-L00000012445-CCD26_1,1,train
01-PAN-20240513-456-307-L00000012446-CCD26_4,3,train
01-PAN-20240513-456-307-L00000012446-CCD26_5,7,train
01-PAN-20240513-456-307-L00000012446-CCD27_4,2,train
01-PAN-20240513-456-307-L00000012446-CCD27_5,3,train
01-PAN-20240513-456-307-L00000012446-CCD27_6,1,train
01-PAN-20240513-456-307-L00000012446-CCD30_2,1,train
01-PAN-20240513-456-307-L00000012446-CCD30_3,4,train
01-PAN-20240513-456-307-L00000012446-CCD31_1,1,train
01-PAN-20240513-456-307-L00000012446-CCD31_2,4,train
01-PAN-20240513-456-307-L00000012446-CCD31_3,7,train
01-PAN-20240513-456-307-L00000012446-CCD32_2,8,train
01-PAN-20240513-456-307-L00000012446-CCD32_3,2,train
01-PAN-20240514-225-443-L00000012695-CCD25_3,7,train
01-PAN-20240514-294-364-L00000012484-CCD11_6,1,train
01-PAN-20240514-294-365-L00000012485-CCD11_3,1,train
01-PAN-20240514-294-365-L00000012485-CCD12_2,1,train
01-PAN-20240514-294-365-L00000012485-CCD12_3,2,train
01-PAN-20240514-294-365-L00000012485-CCD13_3,1,train
01-PAN-20240514-449-302-L00000012639-CCD30_5,1,train
01-PAN-20240514-449-302-L00000012639-CCD31_5,2,train
01-PAN-20240514-449-307-L00000012644-CCD3_6,1,train
01-PAN-20240514-449-308-L00000012645-CCD10_1,1,train
01-PAN-20240514-449-308-L00000012645-CCD11_4,1,train
01-PAN-20240514-449-308-L00000012645-CCD12_5,2,train
01-PAN-20240514-449-308-L00000012645-CCD13_3,1,train
01-PAN-20240514-449-308-L00000012645-CCD13_6,2,train
01-PAN-20240514-449-308-L00000012645-CCD14_1,2,train
01-PAN-20240514-449-308-L00000012645-CCD14_2,5,train
01-PAN-20240514-449-308-L00000012645-CCD15_1,3,train
01-PAN-20240514-449-308-L00000012645-CCD15_2,1,train
01-PAN-20240514-449-308-L00000012645-CCD15_3,1,train
01-PAN-20240514-449-308-L00000012645-CCD16_1,2,train
01-PAN-20240514-449-308-L00000012645-CCD16_2,2,train
01-PAN-20240514-449-308-L00000012645-CCD17_3,1,train
01-PAN-20240514-449-308-L00000012645-CCD20_3,1,train
01-PAN-20240514-449-308-L00000012645-CCD20_4,1,train
01-PAN-20240514-449-308-L00000012645-CCD20_6,1,train
01-PAN-20240514-449-308-L00000012645-CCD3_1,1,train
01-PAN-20240514-449-309-L00000012646-CCD13_1,2,train
01-PAN-20240514-449-309-L00000012646-CCD13_2,2,train
01-PAN-20240514-449-309-L00000012646-CCD31_6,1,train
01-PAN-20240514-449-311-L00000012648-CCD21_2,1,train
01-PAN-20240514-449-311-L00000012648-CCD22_2,3,train
01-PAN-20240514-449-311-L00000012648-CCD22_3,2,train
01-PAN-20240514-449-311-L00000012648-CCD23_3,1,train
01-PAN-20240514-449-311-L00000012648-CCD31_1,1,train
01-PAN-20240514-449-311-L00000012648-CCD31_2,2,train
01-PAN-20240514-449-311-L00000012648-CCD32_1,1,train
01-PAN-20240515-001-329-L00000012633-CCD9_5,2,train
01-PAN-20240515-001-331-L00000012635-CCD19_3,4,train
01-PAN-20240515-001-331-L00000012635-CCD19_4,2,train
01-PAN-20240515-001-331-L00000012635-CCD19_5,5,train
01-PAN-20240515-001-331-L00000012635-CCD19_6,1,train
01-PAN-20250118-471-374-L00000075006-CCD18_4,1,train
01-PAN-20250210-441-302-L00000100998-CCD17_1,5,train
01-PAN-20250210-441-302-L00000100998-CCD18_2,9,train
01-PAN-20250210-441-302-L00000100998-CCD18_3,6,train
01-PAN-20250210-441-302-L00000100998-CCD18_4,3,train
01-PAN-20250210-441-302-L00000100998-CCD19_5,1,train
01-PAN-20250210-441-302-L00000100998-CCD23_1,3,train
01-PAN-20250210-441-302-L00000100998-CCD23_2,2,train
01-PAN-20250210-441-302-L00000100998-CCD23_3,1,train
01-PAN-20250210-441-302-L00000100998-CCD23_4,6,train
01-PAN-20250210-441-302-L00000100998-CCD24_1,3,train
01-PAN-20250210-441-302-L00000100998-CCD24_2,2,train
01-PAN-20250210-441-302-L00000100998-CCD24_4,3,train
01-PAN-20250210-441-302-L00000100998-CCD25_5,5,train
01-PAN-20250210-441-302-L00000100998-CCD25_6,7,train
01-PAN-20250210-441-302-L00000100998-CCD26_5,2,train
01-PAN-20250210-441-302-L00000100998-CCD26_6,1,train
01-PAN-20250321-446-308-L00000101035-CCD21_4,1,train
01-PAN-20250328-462-374-L00000101101-CCD19_6,2,train
01-PAN-20250328-462-374-L00000101101-CCD20_5,2,train
01-PAN-20250328-462-374-L00000101101-CCD20_6,5,train
01-PAN-20250328-462-374-L00000101101-CCD21_4,2,train
01-PAN-20250328-462-374-L00000101101-CCD21_5,13,train
01-PAN-20250328-462-374-L00000101101-CCD22_2,2,train
01-PAN-20250328-462-374-L00000101101-CCD22_3,3,train
01-PAN-20250328-462-375-L00000101102-CCD19_1,3,train
01-PAN-20250328-462-375-L00000101102-CCD20_1,10,train
01-PAN-20250328-462-375-L00000101102-CCD20_2,6,train
01-PAN-20250328-462-375-L00000101102-CCD21_1,3,train
01-PAN-20250331-442-283-L00000101157-CCD22_2,1,train
01-PAN-20250331-442-283-L00000101157-CCD22_3,2,train
01-PAN-20250403-166-186-L00000098801-CCD17_3,1,train
01-PAN-20250404-004-390-L00000099138-CCD21_3,3,train
01-PAN-20250404-004-390-L00000099138-CCD21_4,1,train
01-PAN-20250404-004-398-L00000099146-CCD13_3,2,train
01-PAN-20250404-005-440-L00000099179-CCD9_5,3,train
01-PAN-20250404-320-224-L00000098913-CCD19_6,3,train
01-PAN-20250404-320-224-L00000098913-CCD20_5,1,train
01-PAN-20250404-320-230-L00000098919-CCD6_3,2,train
01-PAN-20250404-320-230-L00000098919-CCD6_4,4,train
01-PAN-20250405-061-361-L00000099504-CCD29_2,1,train
01-PAN-20250405-061-361-L00000099504-CCD29_3,2,train
01-PAN-20250405-061-362-L00000099505-CCD14_3,1,train
01-PAN-20250405-061-362-L00000099505-CCD15_3,3,train
01-PAN-20250405-061-362-L00000099505-CCD22_2,2,train
01-PAN-20250405-061-362-L00000099505-CCD22_3,8,train
01-PAN-20250405-440-262-L00000099257-CCD28_5,1,train
01-PAN-20250405-440-262-L00000099257-CCD29_5,1,train
01-PAN-20250405-440-262-L00000099257-CCD31_5,4,train
01-PAN-20250405-440-262-L00000099257-CCD32_5,2,train
01-PAN-20250405-469-276-L00000099303-CCD10_3,1,train
01-PAN-20250405-469-276-L00000099303-CCD11_2,1,train
01-PAN-20250405-469-276-L00000099303-CCD11_5,3,train
01-PAN-20250405-469-276-L00000099303-CCD11_6,1,train
01-PAN-20250405-469-276-L00000099303-CCD12_4,1,train
01-PAN-20250405-469-277-L00000099304-CCD15_2,8,train
01-PAN-20250405-469-277-L00000099304-CCD15_6,2,train
01-PAN-20250405-469-277-L00000099304-CCD17_3,1,train
01-PAN-20250405-469-277-L00000099304-CCD18_4,3,train
01-PAN-20250405-469-277-L00000099304-CCD19_4,1,train
01-PAN-20250405-469-277-L00000099304-CCD19_5,3,train
01-PAN-20250406-463-326-L00000099680-CCD14_1,1,train
01-PAN-20250406-463-326-L00000099680-CCD14_2,3,train
01-PAN-20250406-463-334-L00000099688-CCD13_2,1,train
01-PAN-20250407-169-194-L00000100137-CCD13_1,6,train
01-PAN-20250407-169-201-L00000100241-CCD9_1,3,train
01-PAN-20250407-456-301-L00000100047-CCD1_4,12,train
01-PAN-20250407-456-301-L00000100047-CCD1_5,7,train
01-PAN-20250407-456-301-L00000100047-CCD1_6,4,train
01-PAN-20250407-456-303-L00000100049-CCD5_6,6,train
01-PAN-20250407-456-303-L00000100049-CCD6_6,4,train
01-PAN-20250407-456-304-L00000100050-CCD10_3,1,train
01-PAN-20250407-456-304-L00000100050-CCD11_3,5,train
01-PAN-20250407-456-304-L00000100050-CCD11_4,5,train
01-PAN-20250407-456-304-L00000100050-CCD13_3,3,train
01-PAN-20250407-456-304-L00000100050-CCD14_3,4,train
01-PAN-20250407-456-304-L00000100050-CCD14_4,3,train
01-PAN-20250407-456-304-L00000100050-CCD15_2,3,train
01-PAN-20250407-456-304-L00000100050-CCD15_3,4,train
01-PAN-20250407-456-304-L00000100050-CCD16_1,3,train
01-PAN-20250407-456-304-L00000100050-CCD16_2,4,train
01-PAN-20250407-456-304-L00000100050-CCD5_1,4,train
01-PAN-20250407-456-304-L00000100050-CCD5_2,1,train
01-PAN-20250407-456-304-L00000100050-CCD6_1,2,train
01-PAN-20250407-456-304-L00000100050-CCD6_2,3,train
01-PAN-20250407-456-304-L00000100050-CCD6_3,2,train
01-PAN-20250407-456-304-L00000100050-CCD7_2,1,train
01-PAN-20250407-456-304-L00000100050-CCD7_3,4,train
02-PAN-20250320-146-221-L00000000208-CCD32_1,1,train
02-PAN-20250321-108-307-L00000000254-CCD17_1,3,train
02-PAN-20250321-141-166-L00000000249-CCD11_3,2,train
02-PAN-20250321-141-168-L00000000251-CCD15_2,1,train
02-PAN-20250321-455-302-L00000000225-CCD1_2,1,train
02-PAN-20250321-455-302-L00000000225-CCD2_1,6,train
02-PAN-20250321-455-302-L00000000225-CCD2_2,6,train
02-PAN-20250321-455-302-L00000000225-CCD2_3,1,train
02-PAN-20250321-455-302-L00000000225-CCD3_1,9,train
02-PAN-20250321-455-302-L00000000225-CCD3_2,3,train
02-PAN-20250321-455-302-L00000000225-CCD4_1,1,train
02-PAN-20250321-455-302-L00000000225-CCD4_2,9,train
02-PAN-20250321-455-304-L00000000227-CCD13_4,5,train
02-PAN-20250321-455-304-L00000000227-CCD13_5,3,train
02-PAN-20250321-455-304-L00000000227-CCD14_4,2,train
02-PAN-20250321-455-304-L00000000227-CCD14_5,1,train
02-PAN-20250321-455-304-L00000000227-CCD15_4,1,train
02-PAN-20250321-455-304-L00000000227-CCD16_3,1,train
02-PAN-20250321-455-304-L00000000227-CCD16_4,1,train
02-PAN-20250321-455-304-L00000000227-CCD17_3,4,train
02-PAN-20250321-455-304-L00000000227-CCD17_4,3,train
02-PAN-20250321-455-304-L00000000227-CCD17_6,1,train
02-PAN-20250321-455-304-L00000000227-CCD18_2,2,train
02-PAN-20250321-455-304-L00000000227-CCD18_3,1,train
02-PAN-20250321-455-304-L00000000227-CCD18_4,1,train
02-PAN-20250321-455-304-L00000000227-CCD7_2,4,train
02-PAN-20250321-455-304-L00000000227-CCD7_3,3,train
02-PAN-20250321-455-304-L00000000227-CCD7_4,1,train
02-PAN-20250321-455-304-L00000000227-CCD7_5,2,train
02-PAN-20250321-455-304-L00000000227-CCD8_2,6,train
02-PAN-20250321-455-304-L00000000227-CCD8_3,3,train
02-PAN-20250321-455-304-L00000000227-CCD8_4,6,train
02-PAN-20250321-455-304-L00000000227-CCD8_5,1,train
02-PAN-20250321-455-304-L00000000227-CCD9_4,4,train
02-PAN-20250323-442-300-L00000000284-CCD2_5,3,train
02-PAN-20250323-442-300-L00000000284-CCD6_6,2,train
02-PAN-20250323-442-301-L00000000285-CCD5_3,1,train
02-PAN-20250323-442-301-L00000000285-CCD5_4,1,train
02-PAN-20250323-442-301-L00000000285-CCD6_2,8,train
02-PAN-20250323-442-301-L00000000285-CCD6_3,4,train
02-PAN-20250323-442-301-L00000000285-CCD6_5,4,train
02-PAN-20250323-442-301-L00000000285-CCD7_6,2,train
02-PAN-20250323-442-302-L00000000286-CCD3_3,2,train
02-PAN-20250323-442-302-L00000000286-CCD3_4,1,train
02-PAN-20250323-442-302-L00000000286-CCD4_2,2,train
02-PAN-20250323-442-302-L00000000286-CCD4_6,1,train
02-PAN-20250323-442-302-L00000000286-CCD5_1,2,train
02-PAN-20250323-442-302-L00000000286-CCD6_6,2,train
02-PAN-20250323-442-302-L00000000286-CCD7_2,9,train
02-PAN-20250323-442-302-L00000000286-CCD7_3,8,train
02-PAN-20250323-442-302-L00000000286-CCD7_4,7,train
02-PAN-20250323-442-302-L00000000286-CCD7_5,3,train
02-PAN-20250323-442-302-L00000000286-CCD7_6,2,train
02-PAN-20250323-442-302-L00000000286-CCD8_2,1,train
02-PAN-20250323-442-303-L00000000287-CCD6_2,3,train
02-PAN-20250323-442-303-L00000000287-CCD7_1,1,train
02-PAN-20250323-442-303-L00000000287-CCD7_2,1,train
02-PAN-20250324-468-372-L00000000371-CCD16_3,1,train
02-PAN-20250324-468-373-L00000000372-CCD16_2,1,train
02-PAN-20250324-468-373-L00000000372-CCD23_3,1,train
02-PAN-20250325-081-360-L00000000455-CCD15_6,3,train
02-PAN-20250325-081-361-L00000000456-CCD15_1,3,train
02-PAN-20250325-081-361-L00000000456-CCD15_3,2,train
02-PAN-20250325-081-361-L00000000456-CCD15_4,1,train
02-PAN-20250325-081-361-L00000000456-CCD15_5,1,train
02-PAN-20250325-081-361-L00000000456-CCD16_4,2,train
02-PAN-20250325-462-360-L00000000422-CCD12_2,4,train
02-PAN-20250325-462-360-L00000000422-CCD12_3,2,train
02-PAN-20250325-462-360-L00000000422-CCD21_4,2,train
02-PAN-20250325-462-360-L00000000422-CCD22_4,1,train
02-PAN-20250326-108-335-L00000000593-CCD19_4,1,train
02-PAN-20250326-108-335-L00000000593-CCD19_5,1,train
02-PAN-20250326-108-335-L00000000593-CCD20_3,3,train
02-PAN-20250327-133-317-L00000000542-CCD32_4,2,train
02-PAN-20250329-087-336-L00000000675-CCD18_6,1,train
02-PAN-20250329-087-337-L00000000676-CCD11_6,1,train
02-PAN-20250329-087-337-L00000000676-CCD17_1,1,train
02-PAN-20250329-087-337-L00000000676-CCD18_1,1,train
02-PAN-20250329-087-338-L00000000677-CCD10_3,1,train
02-PAN-20250329-087-338-L00000000677-CCD10_4,3,train
02-PAN-20250329-087-338-L00000000677-CCD11_3,4,train
02-PAN-20250329-087-338-L00000000677-CCD11_4,2,train
02-PAN-20250329-089-274-L00000000683-CCD14_4,1,train
02-PAN-20250329-212-808-L00000000701-CCD24_3,1,train
02-PAN-20250329-467-288-L00000000665-CCD10_5,2,train
02-PAN-20250329-467-288-L00000000665-CCD14_3,1,train
02-PAN-20250329-467-288-L00000000665-CCD16_3,1,train
02-PAN-20250329-467-288-L00000000665-CCD19_5,1,train
02-PAN-20250329-467-290-L00000000667-CCD25_5,1,train
02-PAN-20250329-467-290-L00000000667-CCD26_5,2,train
02-PAN-20250329-467-290-L00000000667-CCD27_6,1,train
02-PAN-20250330-461-282-L00000000742-CCD26_1,1,train
02-PAN-20250330-461-284-L00000000744-CCD20_1,6,train
02-PAN-20250330-461-284-L00000000744-CCD23_4,6,train
02-PAN-20250402-255-280-L00000001117-CCD10_4,3,train
02-PAN-20250402-255-354-L00000001127-CCD8_5,3,train
02-PAN-20250403-149-294-L00000001223-CCD16_6,5,train
02-PAN-20250403-149-294-L00000001223-CCD17_6,1,train
02-PAN-20250403-149-295-L00000001224-CCD15_2,6,train
02-PAN-20250403-149-295-L00000001224-CCD16_2,7,train
02-PAN-20250403-149-295-L00000001224-CCD16_3,3,train
02-PAN-20250403-149-295-L00000001224-CCD17_1,1,train
02-PAN-20250403-209-692-L00000001219-CCD14_6,1,train
02-PAN-20250403-466-364-L00000001478-CCD18_1,4,train
02-PAN-20250403-466-364-L00000001478-CCD18_2,2,train
02-PAN-20250403-466-364-L00000001478-CCD18_3,6,train
02-PAN-20250403-466-364-L00000001478-CCD18_4,6,train
02-PAN-20250405-013-428-L00000001337-CCD28_3,6,train
02-PAN-20250405-013-428-L00000001337-CCD28_6,2,train
02-PAN-20250405-013-428-L00000001337-CCD29_1,8,train
02-PAN-20250405-013-428-L00000001337-CCD29_3,6,train
02-PAN-20250405-013-430-L00000001339-CCD20_2,1,train
02-PAN-20250405-013-430-L00000001339-CCD20_3,1,train
02-PAN-20250405-013-430-L00000001339-CCD26_4,3,train
02-PAN-20250414-140-169-L00000002665-CCD14_1,1,train
02-PAN-20250414-140-169-L00000002665-CCD22_1,1,train
02-PAN-20250414-140-169-L00000002665-CCD23_6,1,train
02-PAN-20250414-140-170-L00000002666-CCD8_5,1,train
02-PAN-20250414-201-668-L00000002680-CCD19_2,1,train
02-PAN-20250414-201-668-L00000002680-CCD20_5,2,train
02-PAN-20250414-201-668-L00000002680-CCD29_2,3,train
02-PAN-20250414-201-669-L00000002681-CCD20_1,2,train
02-PAN-20250414-201-674-L00000002686-CCD14_6,1,train
02-PAN-20250415-449-299-L00000002688-CCD28_4,1,train
02-PAN-20250415-449-299-L00000002688-CCD30_3,1,train
02-PAN-20250415-449-300-L00000002689-CCD26_4,1,train
02-PAN-20250415-449-300-L00000002689-CCD28_1,1,train
02-PAN-20250415-449-307-L00000002696-CCD11_6,2,train
02-PAN-20250415-449-307-L00000002696-CCD6_5,1,train
02-PAN-20250415-449-307-L00000002696-CCD7_5,2,train
02-PAN-20250415-449-308-L00000002697-CCD11_1,2,train
02-PAN-20250415-449-309-L00000002698-CCD29_6,1,train
02-PAN-20250415-449-310-L00000002699-CCD12_4,1,train
02-PAN-20250415-449-310-L00000002699-CCD30_1,1,train
02-PAN-20250415-449-310-L00000002699-CCD31_5,1,train
02-PAN-20250415-449-311-L00000002700-CCD24_6,2,train
02-PAN-20250415-449-311-L00000002700-CCD25_6,3,train
02-PAN-20250415-449-312-L00000002701-CCD24_1,3,train
02-PAN-20250415-449-312-L00000002701-CCD25_1,2,train
02-PAN-20250415-449-312-L00000002701-CCD3_6,2,train
02-PAN-20250415-449-313-L00000002702-CCD3_1,4,train
02-PAN-20250415-449-313-L00000002702-CCD4_1,3,train
02-PAN-20250415-449-313-L00000002702-CCD9_6,1,train
02-PAN-20250415-449-314-L00000002703-CCD9_1,3,train
02-PAN-20250415-449-317-L00000002706-CCD16_6,1,train
02-PAN-20250415-449-317-L00000002706-CCD30_6,1,train
02-PAN-20250415-449-317-L00000002706-CCD31_6,1,train
02-PAN-20250415-449-318-L00000002707-CCD23_2,1,train
02-PAN-20250415-449-318-L00000002707-CCD25_1,1,train
02-PAN-20250415-449-318-L00000002707-CCD31_1,1,train
02-PAN-20250415-449-319-L00000002708-CCD4_2,1,train
02-PAN-20250415-449-320-L00000002709-CCD25_5,1,train
02-PAN-20250415-449-320-L00000002711-CCD25_2,1,train
02-PAN-20250415-449-321-L00000002710-CCD25_4,1,train
02-PAN-20250415-449-321-L00000002712-CCD12_6,1,train
02-PAN-20250415-449-321-L00000002712-CCD26_4,1,train
E103.9_N1.2_20200419_L1A0004749016-PAN20,4,train
E103.9_N1.2_20200419_L1A0004749016-PAN21,6,train
E103.9_N1.2_20200419_L1A0004749016-PAN22,6,train
E103.9_N1.2_20200419_L1A0004749016-PAN24,1,train
E103.9_N1.2_20200419_L1A0004749016-PAN25,20,train
E103.9_N1.2_20200419_L1A0004749016-PAN26,17,train
E103.9_N1.2_20200419_L1A0004749016-PAN27,17,train
E103.9_N1.2_20200419_L1A0004749016-PAN28,8,train
E103.9_N1.2_20200419_L1A0004749016-PAN29,2,train
E112.9_N9.5_20151204_L1A0001219553-PAN22,4,train
E120.2_N14.7_20161023_L1A0001910573-PAN10,1,train
E120.2_N14.7_20161023_L1A0001910573-PAN12,3,train
E120.2_N14.7_20161023_L1A0001910573-PAN15,3,train
E120.2_N14.7_20161023_L1A0001910573-PAN19,4,train
E120.2_N14.7_20190309_L1A0003875932-PAN10,2,train
E120.2_N14.7_20190309_L1A0003875932-PAN13,1,train
E120.2_N14.7_20190309_L1A0003875932-PAN14,1,train
E120.2_N14.7_20190309_L1A0003875932-PAN17,1,train
E120.2_N14.9_20190309_L1A0003875931-PAN11,1,train
E120.2_N14.9_20190309_L1A0003875931-PAN13,1,train
E120.2_N14.9_20190309_L1A0003875931-PAN15,4,train
E121.9_N31.2_20181003_L2A0003786874-PAN11,2,train
E121.9_N31.2_20181003_L2A0003786874-PAN12,2,train
E121.9_N31.2_20181003_L2A0003786874-PAN14,3,train
E121.9_N31.2_20181003_L2A0003786874-PAN15,3,train
E121.9_N31.2_20181003_L2A0003786874-PAN18,2,train
E127.6_N26.2_20190313_L1A0003881008-PAN18,1,train
E127.9_N26.4_20170304_L1A0002218828-PAN14,2,train
E127.9_N26.4_20181214_L1A0003681395-PAN18,1,train
E128.0_N26.3_20180531_L1A0003228719-PAN20,1,train
E129.6_N33.1_20161027_L1A0001918498-PAN25,1,train
E129.6_N33.1_20161027_L1A0001931206-PAN29,6,train
E129.6_N33.1_20180412_L1A0003117760-PAN23,4,train
E129.6_N33.1_20180412_L1A0003117760-PAN26,1,train
E129.6_N33.1_20180808_L1A0003377803-PAN20,1,train
E129.6_N33.1_20181105_L1A0003574686-PAN21,1,train
E129.6_N33.1_20190620_L1A0004068124-PAN14,1,train
E129.6_N33.1_20190620_L1A0004068124-PAN18,1,train
E129.7_N33.1_20190212_L1A0003826486-PAN26,3,train
E129.7_N33.1_20190212_L1A0003826486-PAN29,2,train
E129.7_N33.1_20191021_L1A0004327310-PAN10,4,train
E129.7_N33.1_20191021_L1A0004327310-PAN14,1,train
E129.7_N33.1_20191021_L1A0004327310-PAN15,1,train
E129.7_N33.1_20191021_L1A0004327310-PAN17,1,train
E129.8_N33.1_20160512_L1A0001578277-PAN18,3,train
E139.6_N35.2_20170206_L1A0002169368-PAN20,3,train
E139.6_N35.2_20200404_L1A0004719335-PAN25,3,train
E139.6_N35.3_20160202_L1A0001384774-PAN10,1,train
E139.6_N35.3_20160202_L1A0001384774-PAN12,2,train
E139.6_N35.3_20160202_L1A0001384774-PAN17,3,train
E139.6_N35.3_20160202_L1A0001384774-PAN19,4,train
E139.6_N35.3_20170122_L1A0002138611-PAN11,6,train
E139.6_N35.3_20170312_L1A0002233573-PAN11,5,train
E139.6_N35.3_20170312_L1A0002233573-PAN12,5,train
E139.6_N35.3_20190121_L1A0003778345-PAN12,1,train
E139.6_N35.3_20190121_L1A0003778345-PAN19,2,train
E139.6_N35.3_20190126_L1A0003789781-PAN10,1,train
E139.6_N35.3_20190126_L1A0003789781-PAN13,1,train
E139.6_N35.3_20190126_L1A0003789781-PAN16,3,train
E139.6_N35.3_20190126_L1A0003789781-PAN19,1,train
E139.6_N35.3_20200101_L1A0004517353-PAN10,4,train
E139.6_N35.3_20200101_L1A0004517353-PAN14,1,train
E139.6_N35.4_20180420_L1A0003133739-PAN12,2,train
E139.6_N35.4_20180420_L1A0003133739-PAN13,12,train
E139.6_N35.4_20180420_L1A0003133739-PAN15,8,train
E139.6_N35.4_20180420_L1A0003133739-PAN16,2,train
E139.6_N35.4_20180420_L1A0003133739-PAN19,2,train
E139.7_N35.2_20150922_L1A0001053752-PAN20,3,train
E139.7_N35.2_20150922_L1A0001053752-PAN23,4,train
E139.7_N35.2_20150922_L1A0001053752-PAN26,1,train
E139.7_N35.2_20150922_L1A0001053752-PAN27,1,train
E139.7_N35.2_20161015_L1A0001890784-PAN23,2,train
E139.7_N35.2_20170112_L1A0002115142-PAN23,3,train
E139.7_N35.2_20170112_L1A0002115142-PAN25,1,train
E139.7_N35.2_20170112_L1A0002115142-PAN28,1,train
E139.7_N35.2_20170117_L1A0002128335-PAN27,3,train
E139.7_N35.2_20170117_L1A0002128335-PAN28,2,train
E139.7_N35.2_20170530_L1A0002390511-PAN24,2,train
E139.7_N35.3_20170121_L1A0002135991-PAN10,1,train
E139.7_N35.3_20170121_L1A0002135991-PAN11,1,train
E139.7_N35.3_20170121_L1A0002135991-PAN12,6,train
E139.7_N35.3_20170121_L1A0002135991-PAN13,3,train
E139.7_N35.3_20170121_L1A0002135991-PAN18,2,train
E139.7_N35.3_20170121_L1A0002135991-PAN19,3,train
E144.7_N13.5_20181012_L1A0003513249-PAN13,3,train
E144.7_N13.5_20190314_L1A0003883169-PAN11,1,train
E144.7_N13.5_20190314_L1A0003883169-PAN14,1,train
E144.7_N13.5_20190314_L1A0003883169-PAN16,1,train
E144.7_N13.5_20190329_L1A0003910727-PAN13,1,train
E144.7_N13.5_20190329_L1A0003910727-PAN16,2,train
E144.7_N13.5_20190329_L1A0003910727-PAN18,2,train
E144.7_N13.5_20190517_L1A0004005129-PAN10,2,train
MAR20_1,1,train
MAR20_10,1,train
MAR20_100,1,train
MAR20_1000,1,train
MAR20_1001,1,train
MAR20_1002,1,train
MAR20_1004,1,train
MAR20_1005,1,train
MAR20_1006,1,train
MAR20_1007,1,train
MAR20_1008,1,train
MAR20_1009,1,train
MAR20_101,1,train
MAR20_1010,1,train
MAR20_1011,1,train
MAR20_1012,1,train
MAR20_1013,1,train
MAR20_1014,1,train
MAR20_1015,1,train
MAR20_1016,1,train
MAR20_1018,1,train
MAR20_1019,1,train
MAR20_102,1,train
MAR20_1020,1,train
MAR20_1021,1,train
MAR20_1022,1,train
MAR20_1023,1,train
MAR20_1024,1,train
MAR20_1025,1,train
MAR20_1026,1,train
MAR20_1027,1,train
MAR20_1028,1,train
MAR20_1029,1,train
MAR20_103,1,train
MAR20_1030,1,train
MAR20_1031,1,train
MAR20_1032,1,train
MAR20_1033,1,train
MAR20_1034,1,train
MAR20_1035,1,train
MAR20_1036,1,train
MAR20_1037,1,train
MAR20_1038,1,train
MAR20_1039,1,train
MAR20_104,1,train
MAR20_1040,1,train
MAR20_1041,1,train
MAR20_1042,1,train
MAR20_1043,1,train
MAR20_1044,1,train
MAR20_1045,1,train
MAR20_1046,1,train
MAR20_1047,1,train
MAR20_1048,1,train
MAR20_1049,1,train
MAR20_105,1,train
MAR20_1050,1,train
MAR20_1051,1,train
MAR20_1052,1,train
MAR20_1053,1,train
MAR20_1054,1,train
MAR20_1055,1,train
MAR20_1056,1,train
MAR20_1057,1,train
MAR20_106,1,train
MAR20_1060,1,train
MAR20_1061,1,train
MAR20_1062,1,train
MAR20_1063,1,train
MAR20_1064,1,train
MAR20_1066,1,train
MAR20_1067,1,train
MAR20_1069,1,train
MAR20_107,1,train
MAR20_1070,1,train
MAR20_1071,1,train
MAR20_1072,1,train
MAR20_1074,1,train
MAR20_1075,1,train
MAR20_1076,1,train
MAR20_1077,1,train
MAR20_1078,1,train
MAR20_1079,1,train
MAR20_108,1,train
MAR20_1080,1,train
MAR20_1081,1,train
MAR20_1082,1,train
MAR20_1084,1,train
MAR20_1085,1,train
MAR20_1086,1,train
MAR20_1087,1,train
MAR20_1088,1,train
MAR20_1089,1,train
MAR20_109,1,train
MAR20_1090,1,train
MAR20_1091,1,train
MAR20_1092,1,train
MAR20_1093,1,train
MAR20_1096,1,train
MAR20_1098,1,train
MAR20_1099,1,train
MAR20_11,1,train
MAR20_110,1,train
MAR20_1100,1,train
MAR20_1103,1,train
MAR20_1104,1,train
MAR20_1105,1,train
MAR20_1106,1,train
MAR20_1107,1,train
MAR20_1108,1,train
MAR20_1109,1,train
MAR20_1110,1,train
MAR20_1111,1,train
MAR20_1113,1,train
MAR20_1114,1,train
MAR20_1115,1,train
MAR20_1116,1,train
MAR20_1118,1,train
MAR20_1119,1,train
MAR20_112,1,train
MAR20_1120,1,train
MAR20_1121,1,train
MAR20_1122,1,train
MAR20_1123,1,train
MAR20_1124,1,train
MAR20_1125,1,train
MAR20_1127,1,train
MAR20_1128,1,train
MAR20_1129,1,train
MAR20_113,1,train
MAR20_1130,1,train
MAR20_1131,1,train
MAR20_1133,1,train
MAR20_1135,1,train
MAR20_1136,1,train
MAR20_1138,1,train
MAR20_114,1,train
MAR20_1140,1,train
MAR20_1141,1,train
MAR20_1143,1,train
MAR20_1144,1,train
MAR20_1145,1,train
MAR20_1146,1,train
MAR20_1147,1,train
MAR20_1148,1,train
MAR20_1149,1,train
MAR20_1150,1,train
MAR20_1151,1,train
MAR20_1153,1,train
MAR20_1155,1,train
MAR20_1156,1,train
MAR20_1157,1,train
MAR20_1158,1,train
MAR20_1160,1,train
MAR20_1162,1,train
MAR20_1163,1,train
MAR20_1164,1,train
MAR20_1165,1,train
MAR20_1167,1,train
MAR20_1168,1,train
MAR20_1169,1,train
MAR20_117,1,train
MAR20_1170,1,train
MAR20_1171,1,train
MAR20_1172,1,train
MAR20_1173,1,train
MAR20_1175,1,train
MAR20_1176,1,train
MAR20_1177,1,train
MAR20_1179,1,train
MAR20_118,1,train
MAR20_1180,1,train
MAR20_1181,1,train
MAR20_1182,1,train
MAR20_1183,1,train
MAR20_1184,1,train
MAR20_1186,1,train
MAR20_1187,1,train
MAR20_1188,1,train
MAR20_1189,1,train
MAR20_119,1,train
MAR20_1192,1,train
MAR20_1193,1,train
MAR20_1194,1,train
MAR20_1196,1,train
MAR20_1197,1,train
MAR20_1198,1,train
MAR20_1199,1,train
MAR20_12,1,train
MAR20_120,1,train
MAR20_1200,1,train
MAR20_1202,1,train
MAR20_1203,1,train
MAR20_1204,1,train
MAR20_1206,1,train
MAR20_1207,1,train
MAR20_121,1,train
MAR20_1210,1,train
MAR20_1211,1,train
MAR20_1212,1,train
MAR20_1213,1,train
MAR20_1214,1,train
MAR20_1215,1,train
MAR20_1216,1,train
MAR20_1217,1,train
MAR20_1218,1,train
MAR20_122,1,train
MAR20_1220,1,train
MAR20_1221,1,train
MAR20_1222,1,train
MAR20_1223,1,train
MAR20_1224,1,train
MAR20_1225,1,train
MAR20_1227,1,train
MAR20_1228,1,train
MAR20_1229,1,train
MAR20_1231,1,train
MAR20_1232,1,train
MAR20_1233,1,train
MAR20_1234,1,train
MAR20_1235,1,train
MAR20_1236,1,train
MAR20_1238,1,train
MAR20_1239,1,train
MAR20_124,1,train
MAR20_1241,1,train
MAR20_1242,1,train
MAR20_1243,1,train
MAR20_1244,1,train
MAR20_1245,1,train
MAR20_1249,1,train
MAR20_1250,1,train
MAR20_1251,1,train
MAR20_1252,1,train
MAR20_1253,1,train
MAR20_1254,1,train
MAR20_1255,1,train
MAR20_1256,1,train
MAR20_1257,1,train
MAR20_1258,1,train
MAR20_1259,1,train
MAR20_126,1,train
MAR20_1260,1,train
MAR20_1261,1,train
MAR20_1262,1,train
MAR20_1263,1,train
MAR20_1264,1,train
MAR20_1265,1,train
MAR20_1266,1,train
MAR20_1268,1,train
MAR20_1269,1,train
MAR20_127,1,train
MAR20_1272,1,train
MAR20_1273,1,train
MAR20_1274,1,train
MAR20_1277,1,train
MAR20_1278,1,train
MAR20_1279,1,train
MAR20_128,1,train
MAR20_1280,1,train
MAR20_1282,1,train
MAR20_1284,1,train
MAR20_1285,1,train
MAR20_1286,1,train
MAR20_1287,1,train
MAR20_1288,1,train
MAR20_1289,1,train
MAR20_1291,1,train
MAR20_1292,1,train
MAR20_1294,1,train
MAR20_1295,1,train
MAR20_1296,1,train
MAR20_1297,1,train
MAR20_130,1,train
MAR20_1300,1,train
MAR20_1301,1,train
MAR20_1303,1,train
MAR20_1304,1,train
MAR20_1305,1,train
MAR20_1306,1,train
MAR20_1308,1,train
MAR20_131,1,train
MAR20_1311,1,train
MAR20_1312,1,train
MAR20_1314,1,train
MAR20_1315,1,train
MAR20_1317,1,train
MAR20_1318,1,train
MAR20_1319,1,train
MAR20_132,1,train
MAR20_1320,1,train
MAR20_1322,1,train
MAR20_1323,1,train
MAR20_1324,1,train
MAR20_1325,1,train
MAR20_1326,1,train
MAR20_1327,1,train
MAR20_1328,1,train
MAR20_1329,1,train
MAR20_1331,1,train
MAR20_1332,1,train
MAR20_1333,1,train
MAR20_1334,1,train
MAR20_1335,1,train
MAR20_1337,1,train
MAR20_1338,1,train
MAR20_1339,1,train
MAR20_134,1,train
MAR20_1340,1,train
MAR20_1341,1,train
MAR20_1343,1,train
MAR20_1344,1,train
MAR20_1345,1,train
MAR20_1346,1,train
MAR20_1348,1,train
MAR20_1349,1,train
MAR20_135,1,train
MAR20_1350,1,train
MAR20_1351,1,train
MAR20_1352,1,train
MAR20_1353,1,train
MAR20_1354,1,train
MAR20_1356,1,train
MAR20_1357,1,train
MAR20_1358,1,train
MAR20_1359,1,train
MAR20_136,1,train
MAR20_1360,1,train
MAR20_1361,1,train
MAR20_1362,1,train
MAR20_1364,1,train
MAR20_1365,1,train
MAR20_1366,1,train
MAR20_1367,1,train
MAR20_1368,1,train
MAR20_1369,1,train
MAR20_137,1,train
MAR20_1370,1,train
MAR20_1372,1,train
MAR20_1373,1,train
MAR20_1374,1,train
MAR20_1375,1,train
MAR20_1376,1,train
MAR20_1379,1,train
MAR20_1381,1,train
MAR20_1382,1,train
MAR20_1383,1,train
MAR20_1384,1,train
MAR20_1385,1,train
MAR20_1386,1,train
MAR20_1387,1,train
MAR20_1388,1,train
MAR20_1389,1,train
MAR20_1390,1,train
MAR20_1391,1,train
MAR20_1392,1,train
MAR20_1393,1,train
MAR20_1394,1,train
MAR20_1395,1,train
MAR20_1396,1,train
MAR20_1397,1,train
MAR20_1398,1,train
MAR20_1399,1,train
MAR20_14,1,train
MAR20_140,1,train
MAR20_1400,1,train
MAR20_1401,1,train
MAR20_1402,1,train
MAR20_1403,1,train
MAR20_1404,1,train
MAR20_1405,1,train
MAR20_1406,1,train
MAR20_1409,1,train
MAR20_141,1,train
MAR20_1410,1,train
MAR20_1411,1,train
MAR20_1412,1,train
MAR20_1413,1,train
MAR20_1414,1,train
MAR20_1415,1,train
MAR20_1417,1,train
MAR20_1418,1,train
MAR20_1419,1,train
MAR20_142,1,train
MAR20_1420,1,train
MAR20_1421,1,train
MAR20_1422,1,train
MAR20_1423,1,train
MAR20_1424,1,train
MAR20_1425,1,train
MAR20_1426,1,train
MAR20_1427,1,train
MAR20_1428,1,train
MAR20_1429,1,train
MAR20_143,1,train
MAR20_1430,1,train
MAR20_1431,1,train
MAR20_1433,1,train
MAR20_1434,1,train
MAR20_1435,1,train
MAR20_1436,1,train
MAR20_1437,1,train
MAR20_1438,1,train
MAR20_1439,1,train
MAR20_144,1,train
MAR20_1440,1,train
MAR20_1441,1,train
MAR20_1442,1,train
MAR20_1443,1,train
MAR20_1444,1,train
MAR20_1445,1,train
MAR20_1447,1,train
MAR20_1449,1,train
MAR20_1451,1,train
MAR20_1452,1,train
MAR20_1453,1,train
MAR20_1454,1,train
MAR20_1455,1,train
MAR20_1459,1,train
MAR20_1461,1,train
MAR20_1462,1,train
MAR20_1463,1,train
MAR20_1465,1,train
MAR20_1466,1,train
MAR20_1467,1,train
MAR20_1468,1,train
MAR20_1469,1,train
MAR20_1470,1,train
MAR20_1472,1,train
MAR20_1473,1,train
MAR20_1475,1,train
MAR20_1476,1,train
MAR20_1478,1,train
MAR20_1479,1,train
MAR20_148,1,train
MAR20_1482,1,train
MAR20_1483,1,train
MAR20_1484,1,train
MAR20_1485,1,train
MAR20_1486,1,train
MAR20_1487,1,train
MAR20_1488,1,train
MAR20_1489,1,train
MAR20_149,1,train
MAR20_1491,1,train
MAR20_1492,1,train
MAR20_1493,1,train
MAR20_1494,1,train
MAR20_1495,1,train
MAR20_1497,1,train
MAR20_1498,1,train
MAR20_15,1,train
MAR20_150,1,train
MAR20_1500,1,train
MAR20_1501,1,train
MAR20_1502,1,train
MAR20_1503,1,train
MAR20_1504,1,train
MAR20_1506,1,train
MAR20_1507,1,train
MAR20_1509,1,train
MAR20_1510,1,train
MAR20_1511,1,train
MAR20_1512,1,train
MAR20_1513,1,train
MAR20_1514,1,train
MAR20_1515,1,train
MAR20_1516,1,train
MAR20_1517,1,train
MAR20_1519,1,train
MAR20_1520,1,train
MAR20_1521,1,train
MAR20_1522,1,train
MAR20_1523,1,train
MAR20_1525,1,train
MAR20_1526,1,train
MAR20_1527,1,train
MAR20_1529,1,train
MAR20_153,1,train
MAR20_1530,1,train
MAR20_1531,1,train
MAR20_1532,1,train
MAR20_1533,1,train
MAR20_1534,1,train
MAR20_1535,1,train
MAR20_1536,1,train
MAR20_1539,1,train
MAR20_154,1,train
MAR20_1540,1,train
MAR20_1543,1,train
MAR20_1544,1,train
MAR20_1545,1,train
MAR20_1546,1,train
MAR20_1547,1,train
MAR20_1548,1,train
MAR20_1549,1,train
MAR20_1550,1,train
MAR20_1551,1,train
MAR20_1553,1,train
MAR20_1556,1,train
MAR20_1557,1,train
MAR20_1558,1,train
MAR20_1559,1,train
MAR20_156,1,train
MAR20_1560,1,train
MAR20_1561,1,train
MAR20_1563,1,train
MAR20_1565,1,train
MAR20_1566,1,train
MAR20_1568,1,train
MAR20_1569,1,train
MAR20_1570,1,train
MAR20_1571,1,train
MAR20_1572,1,train
MAR20_1573,1,train
MAR20_1574,1,train
MAR20_1575,1,train
MAR20_1576,1,train
MAR20_1577,1,train
MAR20_1578,1,train
MAR20_1579,1,train
MAR20_1580,1,train
MAR20_1582,1,train
MAR20_1583,1,train
MAR20_1585,1,train
MAR20_1587,1,train
MAR20_1590,1,train
MAR20_1591,1,train
MAR20_1592,1,train
MAR20_1593,1,train
MAR20_1594,1,train
MAR20_1595,1,train
MAR20_1598,1,train
MAR20_1599,1,train
MAR20_16,1,train
MAR20_160,1,train
MAR20_1600,1,train
MAR20_1601,1,train
MAR20_1602,1,train
MAR20_1603,1,train
MAR20_1604,1,train
MAR20_1606,1,train
MAR20_1607,1,train
MAR20_1608,1,train
MAR20_161,1,train
MAR20_1610,1,train
MAR20_1611,1,train
MAR20_1613,1,train
MAR20_1614,1,train
MAR20_1615,1,train
MAR20_1616,1,train
MAR20_1617,1,train
MAR20_1618,1,train
MAR20_1619,1,train
MAR20_1620,1,train
MAR20_1621,1,train
MAR20_1622,1,train
MAR20_1623,1,train
MAR20_1624,1,train
MAR20_1625,1,train
MAR20_1626,1,train
MAR20_1627,1,train
MAR20_1628,1,train
MAR20_1629,1,train
MAR20_1630,1,train
MAR20_1631,1,train
MAR20_1632,1,train
MAR20_1633,1,train
MAR20_1636,1,train
MAR20_1637,1,train
MAR20_1639,1,train
MAR20_164,1,train
MAR20_1641,1,train
MAR20_1642,1,train
MAR20_1643,1,train
MAR20_1645,1,train
MAR20_1646,1,train
MAR20_1647,1,train
MAR20_1648,1,train
MAR20_1649,1,train
MAR20_165,1,train
MAR20_1650,1,train
MAR20_1652,1,train
MAR20_1653,1,train
MAR20_1654,1,train
MAR20_1655,1,train
MAR20_1656,1,train
MAR20_1657,1,train
MAR20_1658,1,train
MAR20_1659,1,train
MAR20_166,1,train
MAR20_1660,1,train
MAR20_1661,1,train
MAR20_1662,1,train
MAR20_1666,1,train
MAR20_1667,1,train
MAR20_1668,1,train
MAR20_1669,1,train
MAR20_1671,1,train
MAR20_1672,1,train
MAR20_1673,1,train
MAR20_1674,1,train
MAR20_1675,1,train
MAR20_1676,1,train
MAR20_1677,1,train
MAR20_1678,1,train
MAR20_1679,1,train
MAR20_168,1,train
MAR20_1680,1,train
MAR20_1681,1,train
MAR20_1682,1,train
MAR20_1683,1,train
MAR20_1684,1,train
MAR20_1686,1,train
MAR20_1687,1,train
MAR20_1689,1,train
MAR20_1690,1,train
MAR20_1691,1,train
MAR20_1692,1,train
MAR20_1694,1,train
MAR20_1695,1,train
MAR20_1696,1,train
MAR20_1697,1,train
MAR20_1698,1,train
MAR20_17,1,train
MAR20_170,1,train
MAR20_1700,1,train
MAR20_1701,1,train
MAR20_1703,1,train
MAR20_1704,1,train
MAR20_1705,1,train
MAR20_1707,1,train
MAR20_1708,1,train
MAR20_1709,1,train
MAR20_171,1,train
MAR20_1710,1,train
MAR20_1711,1,train
MAR20_1712,1,train
MAR20_1714,1,train
MAR20_1715,1,train
MAR20_1716,1,train
MAR20_1717,1,train
MAR20_1718,1,train
MAR20_1719,1,train
MAR20_172,1,train
MAR20_1720,1,train
MAR20_1721,1,train
MAR20_1723,1,train
MAR20_1724,1,train
MAR20_1725,1,train
MAR20_1727,1,train
MAR20_1728,1,train
MAR20_1729,1,train
MAR20_173,1,train
MAR20_1730,1,train
MAR20_1731,1,train
MAR20_1732,1,train
MAR20_1733,1,train
MAR20_1735,1,train
MAR20_1737,1,train
MAR20_1738,1,train
MAR20_1739,1,train
MAR20_1740,1,train
MAR20_1742,1,train
MAR20_1743,1,train
MAR20_1744,1,train
MAR20_1745,1,train
MAR20_1746,1,train
MAR20_1747,1,train
MAR20_1748,1,train
MAR20_1749,1,train
MAR20_175,1,train
MAR20_1751,1,train
MAR20_1752,1,train
MAR20_1753,1,train
MAR20_1754,1,train
MAR20_1755,1,train
MAR20_1756,1,train
MAR20_1757,1,train
MAR20_1758,1,train
MAR20_1759,1,train
MAR20_176,1,train
MAR20_1760,1,train
MAR20_1761,1,train
MAR20_1762,1,train
MAR20_1763,1,train
MAR20_1764,1,train
MAR20_1765,1,train
MAR20_1766,1,train
MAR20_1767,1,train
MAR20_1768,1,train
MAR20_1769,1,train
MAR20_177,1,train
MAR20_1770,1,train
MAR20_1771,1,train
MAR20_1772,1,train
MAR20_1773,1,train
MAR20_1774,1,train
MAR20_1775,1,train
MAR20_1777,1,train
MAR20_1778,1,train
MAR20_1779,1,train
MAR20_178,1,train
MAR20_1780,1,train
MAR20_1781,1,train
MAR20_1782,1,train
MAR20_1783,1,train
MAR20_1784,1,train
MAR20_1785,1,train
MAR20_1786,1,train
MAR20_1787,1,train
MAR20_1788,1,train
MAR20_1790,1,train
MAR20_1791,1,train
MAR20_1793,1,train
MAR20_1795,1,train
MAR20_1796,1,train
MAR20_1797,1,train
MAR20_1798,1,train
MAR20_1799,1,train
MAR20_18,1,train
MAR20_180,1,train
MAR20_1800,1,train
MAR20_1801,1,train
MAR20_1802,1,train
MAR20_1803,1,train
MAR20_1804,1,train
MAR20_1805,1,train
MAR20_1806,1,train
MAR20_1807,1,train
MAR20_1808,1,train
MAR20_1809,1,train
MAR20_181,1,train
MAR20_1810,1,train
MAR20_1811,1,train
MAR20_1812,1,train
MAR20_1813,1,train
MAR20_1814,1,train
MAR20_1815,1,train
MAR20_1816,1,train
MAR20_1818,1,train
MAR20_1819,1,train
MAR20_182,1,train
MAR20_1820,1,train
MAR20_1821,1,train
MAR20_1822,1,train
MAR20_1823,1,train
MAR20_1824,1,train
MAR20_1827,1,train
MAR20_1828,1,train
MAR20_1829,1,train
MAR20_1830,1,train
MAR20_1831,1,train
MAR20_1832,1,train
MAR20_1834,1,train
MAR20_1835,1,train
MAR20_1836,1,train
MAR20_1837,1,train
MAR20_1838,1,train
MAR20_1839,1,train
MAR20_184,1,train
MAR20_1840,1,train
MAR20_1841,1,train
MAR20_1842,1,train
MAR20_1843,1,train
MAR20_1844,1,train
MAR20_1845,1,train
MAR20_1846,1,train
MAR20_1847,1,train
MAR20_1848,1,train
MAR20_1849,1,train
MAR20_185,1,train
MAR20_1850,1,train
MAR20_1851,1,train
MAR20_1852,1,train
MAR20_1853,1,train
MAR20_1854,1,train
MAR20_1855,1,train
MAR20_1856,1,train
MAR20_1857,1,train
MAR20_1858,1,train
MAR20_1859,1,train
MAR20_186,1,train
MAR20_1860,1,train
MAR20_1862,1,train
MAR20_1863,1,train
MAR20_1864,1,train
MAR20_1865,1,train
MAR20_1866,1,train
MAR20_1867,1,train
MAR20_1870,1,train
MAR20_1872,1,train
MAR20_1873,1,train
MAR20_1876,1,train
MAR20_1877,1,train
MAR20_1879,1,train
MAR20_188,1,train
MAR20_1881,1,train
MAR20_1882,1,train
MAR20_1883,1,train
MAR20_1884,1,train
MAR20_1885,1,train
MAR20_1889,1,train
MAR20_189,1,train
MAR20_1891,1,train
MAR20_1892,1,train
MAR20_1893,1,train
MAR20_1894,1,train
MAR20_1895,1,train
MAR20_1896,1,train
MAR20_1897,1,train
MAR20_1898,1,train
MAR20_1899,1,train
MAR20_19,1,train
MAR20_190,1,train
MAR20_1900,1,train
MAR20_1902,1,train
MAR20_1903,1,train
MAR20_1904,1,train
MAR20_1905,1,train
MAR20_1906,1,train
MAR20_1907,1,train
MAR20_1908,1,train
MAR20_1909,1,train
MAR20_191,1,train
MAR20_1910,1,train
MAR20_1914,1,train
MAR20_1915,1,train
MAR20_1916,1,train
MAR20_1917,1,train
MAR20_1918,1,train
MAR20_192,1,train
MAR20_1921,1,train
MAR20_1923,1,train
MAR20_1924,1,train
MAR20_1925,1,train
MAR20_1926,1,train
MAR20_1927,1,train
MAR20_1929,1,train
MAR20_193,1,train
MAR20_1930,1,train
MAR20_1931,1,train
MAR20_1934,1,train
MAR20_1935,1,train
MAR20_1936,1,train
MAR20_1937,1,train
MAR20_1938,1,train
MAR20_1939,1,train
MAR20_194,1,train
MAR20_1940,1,train
MAR20_1941,1,train
MAR20_1943,1,train
MAR20_1944,1,train
MAR20_1945,1,train
MAR20_1946,1,train
MAR20_1947,1,train
MAR20_1948,1,train
MAR20_1949,1,train
MAR20_195,1,train
MAR20_1950,1,train
MAR20_1951,1,train
MAR20_1952,1,train
MAR20_1953,1,train
MAR20_1954,1,train
MAR20_1955,1,train
MAR20_1956,1,train
MAR20_1957,1,train
MAR20_1958,1,train
MAR20_196,1,train
MAR20_1960,1,train
MAR20_1961,1,train
MAR20_1962,1,train
MAR20_1963,1,train
MAR20_1965,1,train
MAR20_1966,1,train
MAR20_1967,1,train
MAR20_1968,1,train
MAR20_1969,1,train
MAR20_197,1,train
MAR20_1970,1,train
MAR20_1971,1,train
MAR20_1972,1,train
MAR20_1973,1,train
MAR20_1974,1,train
MAR20_1976,1,train
MAR20_1977,1,train
MAR20_1978,1,train
MAR20_1979,1,train
MAR20_198,1,train
MAR20_1980,1,train
MAR20_1981,1,train
MAR20_1983,1,train
MAR20_1984,1,train
MAR20_1986,1,train
MAR20_1987,1,train
MAR20_1988,1,train
MAR20_1989,1,train
MAR20_199,1,train
MAR20_1990,1,train
MAR20_1991,1,train
MAR20_1992,1,train
MAR20_1993,1,train
MAR20_1994,1,train
MAR20_1995,1,train
MAR20_1996,1,train
MAR20_1997,1,train
MAR20_1998,1,train
MAR20_1999,1,train
MAR20_2,1,train
MAR20_20,1,train
MAR20_200,1,train
MAR20_2000,1,train
MAR20_2001,1,train
MAR20_2002,1,train
MAR20_2004,1,train
MAR20_2006,1,train
MAR20_2007,1,train
MAR20_2008,1,train
MAR20_2009,1,train
MAR20_2011,1,train
MAR20_2012,1,train
MAR20_2013,1,train
MAR20_2014,1,train
MAR20_2015,1,train
MAR20_2016,1,train
MAR20_2017,1,train
MAR20_2018,1,train
MAR20_2019,1,train
MAR20_202,1,train
MAR20_2020,1,train
MAR20_2021,1,train
MAR20_2022,1,train
MAR20_2023,1,train
MAR20_2024,1,train
MAR20_2026,1,train
MAR20_2027,1,train
MAR20_2028,1,train
MAR20_2029,1,train
MAR20_203,1,train
MAR20_2030,1,train
MAR20_2031,1,train
MAR20_2032,1,train
MAR20_2033,1,train
MAR20_2034,1,train
MAR20_2035,1,train
MAR20_2036,1,train
MAR20_2038,1,train
MAR20_2039,1,train
MAR20_204,1,train
MAR20_2041,1,train
MAR20_2042,1,train
MAR20_2043,1,train
MAR20_2044,1,train
MAR20_2046,1,train
MAR20_2047,1,train
MAR20_2048,1,train
MAR20_205,1,train
MAR20_2051,1,train
MAR20_2053,1,train
MAR20_2054,1,train
MAR20_2055,1,train
MAR20_2057,1,train
MAR20_2058,1,train
MAR20_2059,1,train
MAR20_206,1,train
MAR20_2061,1,train
MAR20_2062,1,train
MAR20_2063,1,train
MAR20_2064,1,train
MAR20_2065,1,train
MAR20_2067,1,train
MAR20_207,1,train
MAR20_2070,1,train
MAR20_2071,1,train
MAR20_2073,1,train
MAR20_2074,1,train
MAR20_2075,1,train
MAR20_2076,1,train
MAR20_2077,1,train
MAR20_2078,1,train
MAR20_2079,1,train
MAR20_2080,1,train
MAR20_2082,1,train
MAR20_2083,1,train
MAR20_2084,1,train
MAR20_2085,1,train
MAR20_2086,1,train
MAR20_2087,1,train
MAR20_209,1,train
MAR20_2090,1,train
MAR20_2091,1,train
MAR20_2092,1,train
MAR20_2093,1,train
MAR20_2094,1,train
MAR20_2096,1,train
MAR20_2097,1,train
MAR20_2098,1,train
MAR20_2099,1,train
MAR20_21,1,train
MAR20_210,1,train
MAR20_2100,1,train
MAR20_2101,1,train
MAR20_2102,1,train
MAR20_2104,1,train
MAR20_2105,1,train
MAR20_2106,1,train
MAR20_2107,1,train
MAR20_2109,1,train
MAR20_211,1,train
MAR20_2110,1,train
MAR20_2112,1,train
MAR20_2113,1,train
MAR20_2115,1,train
MAR20_2116,1,train
MAR20_2117,1,train
MAR20_2118,1,train
MAR20_212,1,train
MAR20_2120,1,train
MAR20_2121,1,train
MAR20_2122,1,train
MAR20_2123,1,train
MAR20_2124,1,train
MAR20_2125,1,train
MAR20_2126,1,train
MAR20_2127,1,train
MAR20_2129,1,train
MAR20_213,1,train
MAR20_2130,1,train
MAR20_2131,1,train
MAR20_2132,1,train
MAR20_2133,1,train
MAR20_2134,1,train
MAR20_2136,1,train
MAR20_2140,1,train
MAR20_2143,1,train
MAR20_2144,1,train
MAR20_2145,1,train
MAR20_2146,1,train
MAR20_2147,1,train
MAR20_2148,1,train
MAR20_2149,1,train
MAR20_215,1,train
MAR20_2151,1,train
MAR20_2152,1,train
MAR20_2153,1,train
MAR20_2154,1,train
MAR20_2155,1,train
MAR20_2156,1,train
MAR20_2158,1,train
MAR20_2159,1,train
MAR20_216,1,train
MAR20_2160,1,train
MAR20_2162,1,train
MAR20_2164,1,train
MAR20_2165,1,train
MAR20_2166,1,train
MAR20_2168,1,train
MAR20_2169,1,train
MAR20_217,1,train
MAR20_2170,1,train
MAR20_2171,1,train
MAR20_2172,1,train
MAR20_2174,1,train
MAR20_2176,1,train
MAR20_2178,1,train
MAR20_2179,1,train
MAR20_218,1,train
MAR20_2180,1,train
MAR20_2181,1,train
MAR20_2184,1,train
MAR20_2185,1,train
MAR20_2186,1,train
MAR20_2187,1,train
MAR20_2189,1,train
MAR20_2190,1,train
MAR20_2191,1,train
MAR20_2192,1,train
MAR20_2193,1,train
MAR20_2194,1,train
MAR20_2195,1,train
MAR20_2196,1,train
MAR20_2197,1,train
MAR20_2198,1,train
MAR20_2199,1,train
MAR20_22,1,train
MAR20_220,1,train
MAR20_2200,1,train
MAR20_2201,1,train
MAR20_2202,1,train
MAR20_2203,1,train
MAR20_2204,1,train
MAR20_2206,1,train
MAR20_2208,1,train
MAR20_221,1,train
MAR20_2210,1,train
MAR20_2211,1,train
MAR20_2212,1,train
MAR20_2214,1,train
MAR20_2215,1,train
MAR20_2216,1,train
MAR20_2217,1,train
MAR20_2218,1,train
MAR20_2219,1,train
MAR20_222,1,train
MAR20_2220,1,train
MAR20_2222,1,train
MAR20_2224,1,train
MAR20_2225,1,train
MAR20_2226,1,train
MAR20_2228,1,train
MAR20_2229,1,train
MAR20_223,1,train
MAR20_2230,1,train
MAR20_2232,1,train
MAR20_2233,1,train
MAR20_2235,1,train
MAR20_2236,1,train
MAR20_2237,1,train
MAR20_2238,1,train
MAR20_2239,1,train
MAR20_2240,1,train
MAR20_2241,1,train
MAR20_2243,1,train
MAR20_2244,1,train
MAR20_2247,1,train
MAR20_2249,1,train
MAR20_225,1,train
MAR20_2250,1,train
MAR20_2251,1,train
MAR20_2253,1,train
MAR20_2254,1,train
MAR20_2255,1,train
MAR20_2256,1,train
MAR20_2257,1,train
MAR20_2259,1,train
MAR20_226,1,train
MAR20_2260,1,train
MAR20_2261,1,train
MAR20_2262,1,train
MAR20_2263,1,train
MAR20_2265,1,train
MAR20_2266,1,train
MAR20_2267,1,train
MAR20_2268,1,train
MAR20_2270,1,train
MAR20_2272,1,train
MAR20_2273,1,train
MAR20_2275,1,train
MAR20_2276,1,train
MAR20_2277,1,train
MAR20_2278,1,train
MAR20_2279,1,train
MAR20_2280,1,train
MAR20_2281,1,train
MAR20_2282,1,train
MAR20_2283,1,train
MAR20_2284,1,train
MAR20_2285,1,train
MAR20_2286,1,train
MAR20_2289,1,train
MAR20_229,1,train
MAR20_2290,1,train
MAR20_2291,1,train
MAR20_2292,1,train
MAR20_2293,1,train
MAR20_2295,1,train
MAR20_2297,1,train
MAR20_230,1,train
MAR20_2300,1,train
MAR20_2301,1,train
MAR20_2302,1,train
MAR20_2303,1,train
MAR20_2304,1,train
MAR20_2305,1,train
MAR20_2306,1,train
MAR20_2307,1,train
MAR20_2308,1,train
MAR20_2309,1,train
MAR20_231,1,train
MAR20_2310,1,train
MAR20_2311,1,train
MAR20_2312,1,train
MAR20_2313,1,train
MAR20_2315,1,train
MAR20_2316,1,train
MAR20_2317,1,train
MAR20_2318,1,train
MAR20_2319,1,train
MAR20_232,1,train
MAR20_2320,1,train
MAR20_2321,1,train
MAR20_2322,1,train
MAR20_2323,1,train
MAR20_2324,1,train
MAR20_2325,1,train
MAR20_2326,1,train
MAR20_2327,1,train
MAR20_233,1,train
MAR20_2331,1,train
MAR20_2334,1,train
MAR20_2336,1,train
MAR20_2337,1,train
MAR20_2339,1,train
MAR20_2340,1,train
MAR20_2342,1,train
MAR20_2343,1,train
MAR20_2344,1,train
MAR20_2345,1,train
MAR20_2346,1,train
MAR20_2347,1,train
MAR20_2348,1,train
MAR20_235,1,train
MAR20_2350,1,train
MAR20_2353,1,train
MAR20_2356,1,train
MAR20_2357,1,train
MAR20_236,1,train
MAR20_2360,1,train
MAR20_2361,1,train
MAR20_2362,1,train
MAR20_2363,1,train
MAR20_2365,1,train
MAR20_2368,1,train
MAR20_2369,1,train
MAR20_2370,1,train
MAR20_2371,1,train
MAR20_2372,1,train
MAR20_2374,1,train
MAR20_2376,1,train
MAR20_2378,1,train
MAR20_2379,1,train
MAR20_238,1,train
MAR20_2381,1,train
MAR20_2382,1,train
MAR20_2383,1,train
MAR20_2384,1,train
MAR20_2385,1,train
MAR20_2386,1,train
MAR20_2389,1,train
MAR20_239,1,train
MAR20_2390,1,train
MAR20_2391,1,train
MAR20_2392,1,train
MAR20_2393,1,train
MAR20_2394,1,train
MAR20_2395,1,train
MAR20_2396,1,train
MAR20_2397,1,train
MAR20_2398,1,train
MAR20_2399,1,train
MAR20_24,1,train
MAR20_240,1,train
MAR20_2400,1,train
MAR20_2401,1,train
MAR20_2402,1,train
MAR20_2403,1,train
MAR20_2404,1,train
MAR20_2405,1,train
MAR20_2407,1,train
MAR20_2408,1,train
MAR20_2409,1,train
MAR20_2410,1,train
MAR20_2411,1,train
MAR20_2412,1,train
MAR20_2413,1,train
MAR20_2416,1,train
MAR20_2417,1,train
MAR20_2418,1,train
MAR20_2419,1,train
MAR20_242,1,train
MAR20_2420,1,train
MAR20_2422,1,train
MAR20_2427,1,train
MAR20_2428,1,train
MAR20_2429,1,train
MAR20_243,1,train
MAR20_2430,1,train
MAR20_2431,1,train
MAR20_2432,1,train
MAR20_2433,1,train
MAR20_2434,1,train
MAR20_2435,1,train
MAR20_2436,1,train
MAR20_2437,1,train
MAR20_2439,1,train
MAR20_244,1,train
MAR20_2440,1,train
MAR20_2441,1,train
MAR20_2442,1,train
MAR20_2444,1,train
MAR20_2445,1,train
MAR20_2446,1,train
MAR20_2447,1,train
MAR20_2449,1,train
MAR20_245,1,train
MAR20_2450,1,train
MAR20_2451,1,train
MAR20_2452,1,train
MAR20_2453,1,train
MAR20_2454,1,train
MAR20_2455,1,train
MAR20_2456,1,train
MAR20_2457,1,train
MAR20_2458,1,train
MAR20_2459,1,train
MAR20_2460,1,train
MAR20_2461,1,train
MAR20_2462,1,train
MAR20_2463,1,train
MAR20_2464,1,train
MAR20_2465,1,train
MAR20_2468,1,train
MAR20_247,1,train
MAR20_2470,1,train
MAR20_2471,1,train
MAR20_2472,1,train
MAR20_2474,1,train
MAR20_2475,1,train
MAR20_2476,1,train
MAR20_2477,1,train
MAR20_2478,1,train
MAR20_2479,1,train
MAR20_248,1,train
MAR20_2480,1,train
MAR20_2481,1,train
MAR20_2482,1,train
MAR20_2483,1,train
MAR20_2484,1,train
MAR20_2485,1,train
MAR20_2486,1,train
MAR20_2487,1,train
MAR20_2488,1,train
MAR20_2489,1,train
MAR20_249,1,train
MAR20_2490,1,train
MAR20_2491,1,train
MAR20_2492,1,train
MAR20_2493,1,train
MAR20_2494,1,train
MAR20_2495,1,train
MAR20_2497,1,train
MAR20_2498,1,train
MAR20_2499,1,train
MAR20_25,1,train
MAR20_250,1,train
MAR20_2500,1,train
MAR20_2501,1,train
MAR20_2502,1,train
MAR20_2503,1,train
MAR20_2504,1,train
MAR20_2506,1,train
MAR20_2507,1,train
MAR20_2509,1,train
MAR20_251,1,train
MAR20_2510,1,train
MAR20_2511,1,train
MAR20_2513,1,train
MAR20_2514,1,train
MAR20_2515,1,train
MAR20_2516,1,train
MAR20_2517,1,train
MAR20_2518,1,train
MAR20_2519,1,train
MAR20_252,1,train
MAR20_2520,1,train
MAR20_2521,1,train
MAR20_2522,1,train
MAR20_2523,1,train
MAR20_2524,1,train
MAR20_2525,1,train
MAR20_2526,1,train
MAR20_2527,1,train
MAR20_2529,1,train
MAR20_253,1,train
MAR20_2531,1,train
MAR20_2532,1,train
MAR20_2533,1,train
MAR20_2535,1,train
MAR20_2536,1,train
MAR20_2537,1,train
MAR20_2538,1,train
MAR20_2539,1,train
MAR20_2540,1,train
MAR20_2542,1,train
MAR20_2543,1,train
MAR20_2544,1,train
MAR20_2545,1,train
MAR20_2547,1,train
MAR20_2548,1,train
MAR20_2549,1,train
MAR20_255,1,train
MAR20_2550,1,train
MAR20_2551,1,train
MAR20_2552,1,train
MAR20_2553,1,train
MAR20_2554,1,train
MAR20_2555,1,train
MAR20_2556,1,train
MAR20_2557,1,train
MAR20_2558,1,train
MAR20_2560,1,train
MAR20_2561,1,train
MAR20_2562,1,train
MAR20_2564,1,train
MAR20_2565,1,train
MAR20_2566,1,train
MAR20_2567,1,train
MAR20_2568,1,train
MAR20_2569,1,train
MAR20_2570,1,train
MAR20_2571,1,train
MAR20_2572,1,train
MAR20_2573,1,train
MAR20_2574,1,train
MAR20_2575,1,train
MAR20_2576,1,train
MAR20_2577,1,train
MAR20_2578,1,train
MAR20_2579,1,train
MAR20_258,1,train
MAR20_2580,1,train
MAR20_2582,1,train
MAR20_2583,1,train
MAR20_2584,1,train
MAR20_2585,1,train
MAR20_2587,1,train
MAR20_2588,1,train
MAR20_2589,1,train
MAR20_259,1,train
MAR20_2590,1,train
MAR20_2591,1,train
MAR20_2592,1,train
MAR20_2593,1,train
MAR20_2595,1,train
MAR20_2596,1,train
MAR20_2597,1,train
MAR20_2598,1,train
MAR20_2599,1,train
MAR20_26,1,train
MAR20_260,1,train
MAR20_2600,1,train
MAR20_2602,1,train
MAR20_2603,1,train
MAR20_2604,1,train
MAR20_2605,1,train
MAR20_2606,1,train
MAR20_2607,1,train
MAR20_2608,1,train
MAR20_261,1,train
MAR20_2614,1,train
MAR20_2615,1,train
MAR20_2616,1,train
MAR20_2617,1,train
MAR20_2620,1,train
MAR20_2621,1,train
MAR20_2623,1,train
MAR20_2624,1,train
MAR20_2625,1,train
MAR20_2626,1,train
MAR20_2627,1,train
MAR20_2628,1,train
MAR20_263,1,train
MAR20_2630,1,train
MAR20_2631,1,train
MAR20_2632,1,train
MAR20_2633,1,train
MAR20_2634,1,train
MAR20_2637,1,train
MAR20_2638,1,train
MAR20_2639,1,train
MAR20_2640,1,train
MAR20_2641,1,train
MAR20_2644,1,train
MAR20_2645,1,train
MAR20_2646,1,train
MAR20_2648,1,train
MAR20_2649,1,train
MAR20_265,1,train
MAR20_2650,1,train
MAR20_2651,1,train
MAR20_2654,1,train
MAR20_2659,1,train
MAR20_2660,1,train
MAR20_2662,1,train
MAR20_2663,1,train
MAR20_2664,1,train
MAR20_2666,1,train
MAR20_2667,1,train
MAR20_2668,1,train
MAR20_2669,1,train
MAR20_267,1,train
MAR20_2671,1,train
MAR20_2672,1,train
MAR20_2673,1,train
MAR20_2674,1,train
MAR20_2675,1,train
MAR20_2676,1,train
MAR20_2677,1,train
MAR20_2678,1,train
MAR20_2679,1,train
MAR20_268,1,train
MAR20_2680,1,train
MAR20_2681,1,train
MAR20_2682,1,train
MAR20_2683,1,train
MAR20_2685,1,train
MAR20_2687,1,train
MAR20_2688,1,train
MAR20_2689,1,train
MAR20_269,1,train
MAR20_2690,1,train
MAR20_2691,1,train
MAR20_2692,1,train
MAR20_2693,1,train
MAR20_2694,1,train
MAR20_2695,1,train
MAR20_2696,1,train
MAR20_2697,1,train
MAR20_2698,1,train
MAR20_2699,1,train
MAR20_27,1,train
MAR20_270,1,train
MAR20_2701,1,train
MAR20_2702,1,train
MAR20_2703,1,train
MAR20_2705,1,train
MAR20_2706,1,train
MAR20_2707,1,train
MAR20_2708,1,train
MAR20_271,1,train
MAR20_2712,1,train
MAR20_2713,1,train
MAR20_2714,1,train
MAR20_2715,1,train
MAR20_2717,1,train
MAR20_2719,1,train
MAR20_2720,1,train
MAR20_2722,1,train
MAR20_2723,1,train
MAR20_2724,1,train
MAR20_2725,1,train
MAR20_2726,1,train
MAR20_2729,1,train
MAR20_273,1,train
MAR20_2730,1,train
MAR20_2732,1,train
MAR20_2733,1,train
MAR20_2734,1,train
MAR20_2735,1,train
MAR20_2736,1,train
MAR20_2737,1,train
MAR20_2738,1,train
MAR20_2739,1,train
MAR20_274,1,train
MAR20_2741,1,train
MAR20_2742,1,train
MAR20_2743,1,train
MAR20_2745,1,train
MAR20_2746,1,train
MAR20_2747,1,train
MAR20_2748,1,train
MAR20_2749,1,train
MAR20_275,1,train
MAR20_2750,1,train
MAR20_2751,1,train
MAR20_2753,1,train
MAR20_2754,1,train
MAR20_2755,1,train
MAR20_2756,1,train
MAR20_2757,1,train
MAR20_2758,1,train
MAR20_2759,1,train
MAR20_276,1,train
MAR20_2760,1,train
MAR20_2761,1,train
MAR20_2762,1,train
MAR20_2764,1,train
MAR20_2765,1,train
MAR20_2766,1,train
MAR20_2767,1,train
MAR20_2768,1,train
MAR20_2769,1,train
MAR20_277,1,train
MAR20_2771,1,train
MAR20_2772,1,train
MAR20_2773,1,train
MAR20_2774,1,train
MAR20_2775,1,train
MAR20_2776,1,train
MAR20_2777,1,train
MAR20_2778,1,train
MAR20_2779,1,train
MAR20_2780,1,train
MAR20_2781,1,train
MAR20_2782,1,train
MAR20_2783,1,train
MAR20_2785,1,train
MAR20_2786,1,train
MAR20_2787,1,train
MAR20_2788,1,train
MAR20_2789,1,train
MAR20_279,1,train
MAR20_2790,1,train
MAR20_2792,1,train
MAR20_2793,1,train
MAR20_2794,1,train
MAR20_2795,1,train
MAR20_2796,1,train
MAR20_2797,1,train
MAR20_2798,1,train
MAR20_2799,1,train
MAR20_28,1,train
MAR20_280,1,train
MAR20_2800,1,train
MAR20_2801,1,train
MAR20_2802,1,train
MAR20_2803,1,train
MAR20_2804,1,train
MAR20_2805,1,train
MAR20_2806,1,train
MAR20_2807,1,train
MAR20_2808,1,train
MAR20_281,1,train
MAR20_2810,1,train
MAR20_2811,1,train
MAR20_2812,1,train
MAR20_2813,1,train
MAR20_2814,1,train
MAR20_2815,1,train
MAR20_2816,1,train
MAR20_2817,1,train
MAR20_2818,1,train
MAR20_2819,1,train
MAR20_2820,1,train
MAR20_2821,1,train
MAR20_2822,1,train
MAR20_2823,1,train
MAR20_2824,1,train
MAR20_2825,1,train
MAR20_2826,1,train
MAR20_2827,1,train
MAR20_2829,1,train
MAR20_283,1,train
MAR20_2830,1,train
MAR20_2831,1,train
MAR20_2833,1,train
MAR20_2836,1,train
MAR20_2838,1,train
MAR20_284,1,train
MAR20_2840,1,train
MAR20_2842,1,train
MAR20_2843,1,train
MAR20_2844,1,train
MAR20_2845,1,train
MAR20_2846,1,train
MAR20_2848,1,train
MAR20_2849,1,train
MAR20_2850,1,train
MAR20_2853,1,train
MAR20_2854,1,train
MAR20_2855,1,train
MAR20_2856,1,train
MAR20_2857,1,train
MAR20_2858,1,train
MAR20_286,1,train
MAR20_2860,1,train
MAR20_2861,1,train
MAR20_2863,1,train
MAR20_2864,1,train
MAR20_2865,1,train
MAR20_2866,1,train
MAR20_2867,1,train
MAR20_2869,1,train
MAR20_2871,1,train
MAR20_2872,1,train
MAR20_2875,1,train
MAR20_2876,1,train
MAR20_2877,1,train
MAR20_2878,1,train
MAR20_2879,1,train
MAR20_288,1,train
MAR20_2880,1,train
MAR20_2881,1,train
MAR20_2882,1,train
MAR20_2883,1,train
MAR20_2884,1,train
MAR20_2885,1,train
MAR20_2886,1,train
MAR20_2887,1,train
MAR20_2888,1,train
MAR20_2889,1,train
MAR20_289,1,train
MAR20_2892,1,train
MAR20_2893,1,train
MAR20_2894,1,train
MAR20_2895,1,train
MAR20_2896,1,train
MAR20_290,1,train
MAR20_2901,1,train
MAR20_2902,1,train
MAR20_2903,1,train
MAR20_2904,1,train
MAR20_2905,1,train
MAR20_2908,1,train
MAR20_291,1,train
MAR20_2910,1,train
MAR20_2913,1,train
MAR20_2914,1,train
MAR20_2915,1,train
MAR20_2916,1,train
MAR20_2917,1,train
MAR20_2918,1,train
MAR20_2919,1,train
MAR20_292,1,train
MAR20_2920,1,train
MAR20_2921,1,train
MAR20_2922,1,train
MAR20_2923,1,train
MAR20_2924,1,train
MAR20_2925,1,train
MAR20_2927,1,train
MAR20_2928,1,train
MAR20_293,1,train
MAR20_2931,1,train
MAR20_2932,1,train
MAR20_2933,1,train
MAR20_2934,1,train
MAR20_2935,1,train
MAR20_2936,1,train
MAR20_2939,1,train
MAR20_2940,1,train
MAR20_2941,1,train
MAR20_2942,1,train
MAR20_2945,1,train
MAR20_2946,1,train
MAR20_2947,1,train
MAR20_2948,1,train
MAR20_2949,1,train
MAR20_295,1,train
MAR20_2951,1,train
MAR20_2952,1,train
MAR20_2953,1,train
MAR20_2954,1,train
MAR20_2955,1,train
MAR20_2956,1,train
MAR20_2957,1,train
MAR20_2958,1,train
MAR20_2959,1,train
MAR20_296,1,train
MAR20_2960,1,train
MAR20_2961,1,train
MAR20_2962,1,train
MAR20_2963,1,train
MAR20_2964,1,train
MAR20_2965,1,train
MAR20_2967,1,train
MAR20_2969,1,train
MAR20_297,1,train
MAR20_2970,1,train
MAR20_2971,1,train
MAR20_2972,1,train
MAR20_2973,1,train
MAR20_2974,1,train
MAR20_2976,1,train
MAR20_2977,1,train
MAR20_2978,1,train
MAR20_2979,1,train
MAR20_298,1,train
MAR20_2980,1,train
MAR20_2981,1,train
MAR20_2982,1,train
MAR20_2983,1,train
MAR20_2984,1,train
MAR20_2985,1,train
MAR20_2986,1,train
MAR20_2987,1,train
MAR20_2988,1,train
MAR20_299,1,train
MAR20_2990,1,train
MAR20_2991,1,train
MAR20_2992,1,train
MAR20_2993,1,train
MAR20_2994,1,train
MAR20_2995,1,train
MAR20_2996,1,train
MAR20_2997,1,train
MAR20_2999,1,train
MAR20_3,1,train
MAR20_30,1,train
MAR20_3000,1,train
MAR20_3001,1,train
MAR20_3002,1,train
MAR20_3004,1,train
MAR20_3005,1,train
MAR20_3006,1,train
MAR20_3007,1,train
MAR20_3008,1,train
MAR20_301,1,train
MAR20_3011,1,train
MAR20_3012,1,train
MAR20_3013,1,train
MAR20_3014,1,train
MAR20_3015,1,train
MAR20_3016,1,train
MAR20_3017,1,train
MAR20_3018,1,train
MAR20_3019,1,train
MAR20_302,1,train
MAR20_3021,1,train
MAR20_3022,1,train
MAR20_3023,1,train
MAR20_3024,1,train
MAR20_3026,1,train
MAR20_3027,1,train
MAR20_3028,1,train
MAR20_303,1,train
MAR20_3032,1,train
MAR20_3033,1,train
MAR20_3034,1,train
MAR20_3035,1,train
MAR20_3036,1,train
MAR20_3037,1,train
MAR20_3038,1,train
MAR20_3039,1,train
MAR20_304,1,train
MAR20_3043,1,train
MAR20_3044,1,train
MAR20_3045,1,train
MAR20_3046,1,train
MAR20_3047,1,train
MAR20_3048,1,train
MAR20_3049,1,train
MAR20_305,1,train
MAR20_3050,1,train
MAR20_3051,1,train
MAR20_3052,1,train
MAR20_3053,1,train
MAR20_3054,1,train
MAR20_3056,1,train
MAR20_3057,1,train
MAR20_3058,1,train
MAR20_306,1,train
MAR20_3060,1,train
MAR20_3061,1,train
MAR20_3062,1,train
MAR20_3063,1,train
MAR20_3064,1,train
MAR20_3065,1,train
MAR20_3066,1,train
MAR20_3067,1,train
MAR20_3068,1,train
MAR20_307,1,train
MAR20_3070,1,train
MAR20_3071,1,train
MAR20_3072,1,train
MAR20_3073,1,train
MAR20_3074,1,train
MAR20_3075,1,train
MAR20_3078,1,train
MAR20_3079,1,train
MAR20_3080,1,train
MAR20_3081,1,train
MAR20_3082,1,train
MAR20_3083,1,train
MAR20_3084,1,train
MAR20_3085,1,train
MAR20_3086,1,train
MAR20_3087,1,train
MAR20_3088,1,train
MAR20_3089,1,train
MAR20_3090,1,train
MAR20_3091,1,train
MAR20_3092,1,train
MAR20_3093,1,train
MAR20_3094,1,train
MAR20_3095,1,train
MAR20_3096,1,train
MAR20_3097,1,train
MAR20_3098,1,train
MAR20_3099,1,train
MAR20_31,1,train
MAR20_310,1,train
MAR20_3102,1,train
MAR20_3103,1,train
MAR20_3104,1,train
MAR20_3106,1,train
MAR20_3109,1,train
MAR20_311,1,train
MAR20_3110,1,train
MAR20_3111,1,train
MAR20_3112,1,train
MAR20_3114,1,train
MAR20_3115,1,train
MAR20_3116,1,train
MAR20_3119,1,train
MAR20_312,1,train
MAR20_3120,1,train
MAR20_3121,1,train
MAR20_3122,1,train
MAR20_3123,1,train
MAR20_3125,1,train
MAR20_3126,1,train
MAR20_3127,1,train
MAR20_3129,1,train
MAR20_313,1,train
MAR20_3130,1,train
MAR20_3131,1,train
MAR20_3132,1,train
MAR20_3133,1,train
MAR20_3135,1,train
MAR20_3136,1,train
MAR20_3137,1,train
MAR20_314,1,train
MAR20_3140,1,train
MAR20_3141,1,train
MAR20_3142,1,train
MAR20_3144,1,train
MAR20_3145,1,train
MAR20_3147,1,train
MAR20_3148,1,train
MAR20_315,1,train
MAR20_3150,1,train
MAR20_3151,1,train
MAR20_3152,1,train
MAR20_3153,1,train
MAR20_3154,1,train
MAR20_3155,1,train
MAR20_3156,1,train
MAR20_3157,1,train
MAR20_3158,1,train
MAR20_3159,1,train
MAR20_316,1,train
MAR20_3160,1,train
MAR20_3161,1,train
MAR20_3162,1,train
MAR20_3163,1,train
MAR20_3164,1,train
MAR20_3166,1,train
MAR20_3167,1,train
MAR20_3168,1,train
MAR20_3169,1,train
MAR20_317,1,train
MAR20_3170,1,train
MAR20_3171,1,train
MAR20_3172,1,train
MAR20_3173,1,train
MAR20_3174,1,train
MAR20_3175,1,train
MAR20_3176,1,train
MAR20_3177,1,train
MAR20_3178,1,train
MAR20_318,1,train
MAR20_3181,1,train
MAR20_3182,1,train
MAR20_3183,1,train
MAR20_3184,1,train
MAR20_3185,1,train
MAR20_3186,1,train
MAR20_3187,1,train
MAR20_3188,1,train
MAR20_319,1,train
MAR20_3190,1,train
MAR20_3191,1,train
MAR20_3193,1,train
MAR20_3194,1,train
MAR20_3195,1,train
MAR20_3196,1,train
MAR20_3197,1,train
MAR20_3198,1,train
MAR20_32,1,train
MAR20_3200,1,train
MAR20_3202,1,train
MAR20_3203,1,train
MAR20_3204,1,train
MAR20_3205,1,train
MAR20_3206,1,train
MAR20_3207,1,train
MAR20_3208,1,train
MAR20_3209,1,train
MAR20_321,1,train
MAR20_3210,1,train
MAR20_3211,1,train
MAR20_3212,1,train
MAR20_3213,1,train
MAR20_3214,1,train
MAR20_3215,1,train
MAR20_3216,1,train
MAR20_3217,1,train
MAR20_3218,1,train
MAR20_3220,1,train
MAR20_3221,1,train
MAR20_3222,1,train
MAR20_3223,1,train
MAR20_3224,1,train
MAR20_3225,1,train
MAR20_3226,1,train
MAR20_3228,1,train
MAR20_323,1,train
MAR20_3230,1,train
MAR20_3231,1,train
MAR20_3232,1,train
MAR20_3233,1,train
MAR20_3235,1,train
MAR20_3236,1,train
MAR20_3237,1,train
MAR20_3239,1,train
MAR20_324,1,train
MAR20_3240,1,train
MAR20_3241,1,train
MAR20_3243,1,train
MAR20_3244,1,train
MAR20_3245,1,train
MAR20_3247,1,train
MAR20_3248,1,train
MAR20_325,1,train
MAR20_3250,1,train
MAR20_3251,1,train
MAR20_3252,1,train
MAR20_3253,1,train
MAR20_3255,1,train
MAR20_3256,1,train
MAR20_3257,1,train
MAR20_3258,1,train
MAR20_3259,1,train
MAR20_326,1,train
MAR20_3260,1,train
MAR20_3261,1,train
MAR20_3262,1,train
MAR20_3264,1,train
MAR20_3268,1,train
MAR20_3269,1,train
MAR20_327,1,train
MAR20_3270,1,train
MAR20_3271,1,train
MAR20_3272,1,train
MAR20_3273,1,train
MAR20_3274,1,train
MAR20_3275,1,train
MAR20_3276,1,train
MAR20_3278,1,train
MAR20_3279,1,train
MAR20_328,1,train
MAR20_3280,1,train
MAR20_3281,1,train
MAR20_3282,1,train
MAR20_3283,1,train
MAR20_3284,1,train
MAR20_3285,1,train
MAR20_3286,1,train
MAR20_3287,1,train
MAR20_3288,1,train
MAR20_3289,1,train
MAR20_329,1,train
MAR20_3290,1,train
MAR20_3291,1,train
MAR20_3292,1,train
MAR20_3293,1,train
MAR20_3294,1,train
MAR20_3296,1,train
MAR20_3297,1,train
MAR20_3298,1,train
MAR20_3299,1,train
MAR20_33,1,train
MAR20_3301,1,train
MAR20_3303,1,train
MAR20_3304,1,train
MAR20_3305,1,train
MAR20_3306,1,train
MAR20_3307,1,train
MAR20_3308,1,train
MAR20_3309,1,train
MAR20_3311,1,train
MAR20_3312,1,train
MAR20_3315,1,train
MAR20_3316,1,train
MAR20_3317,1,train
MAR20_3318,1,train
MAR20_3319,1,train
MAR20_332,1,train
MAR20_3320,1,train
MAR20_3321,1,train
MAR20_3322,1,train
MAR20_3323,1,train
MAR20_3325,1,train
MAR20_3329,1,train
MAR20_333,1,train
MAR20_3330,1,train
MAR20_3331,1,train
MAR20_3332,1,train
MAR20_3333,1,train
MAR20_3334,1,train
MAR20_3335,1,train
MAR20_3336,1,train
MAR20_3337,1,train
MAR20_3338,1,train
MAR20_3339,1,train
MAR20_3342,1,train
MAR20_3343,1,train
MAR20_3344,1,train
MAR20_3345,1,train
MAR20_3346,1,train
MAR20_3347,1,train
MAR20_3348,1,train
MAR20_3350,1,train
MAR20_3351,1,train
MAR20_3352,1,train
MAR20_3353,1,train
MAR20_3355,1,train
MAR20_3358,1,train
MAR20_3359,1,train
MAR20_336,1,train
MAR20_3360,1,train
MAR20_3364,1,train
MAR20_3366,1,train
MAR20_337,1,train
MAR20_3371,1,train
MAR20_3372,1,train
MAR20_3373,1,train
MAR20_3374,1,train
MAR20_3376,1,train
MAR20_3379,1,train
MAR20_338,1,train
MAR20_3381,1,train
MAR20_3382,1,train
MAR20_3384,1,train
MAR20_3386,1,train
MAR20_3387,1,train
MAR20_3388,1,train
MAR20_3389,1,train
MAR20_339,1,train
MAR20_3390,1,train
MAR20_3391,1,train
MAR20_3392,1,train
MAR20_3394,1,train
MAR20_3396,1,train
MAR20_3397,1,train
MAR20_3398,1,train
MAR20_3399,1,train
MAR20_340,1,train
MAR20_3401,1,train
MAR20_3402,1,train
MAR20_3403,1,train
MAR20_3404,1,train
MAR20_3405,1,train
MAR20_3406,1,train
MAR20_3407,1,train
MAR20_3408,1,train
MAR20_3409,1,train
MAR20_341,1,train
MAR20_3410,1,train
MAR20_3411,1,train
MAR20_3412,1,train
MAR20_3413,1,train
MAR20_3416,1,train
MAR20_3418,1,train
MAR20_342,1,train
MAR20_3421,1,train
MAR20_3422,1,train
MAR20_3423,1,train
MAR20_3424,1,train
MAR20_3425,1,train
MAR20_3426,1,train
MAR20_3428,1,train
MAR20_3429,1,train
MAR20_343,1,train
MAR20_3430,1,train
MAR20_3431,1,train
MAR20_3432,1,train
MAR20_3433,1,train
MAR20_3434,1,train
MAR20_3436,1,train
MAR20_3437,1,train
MAR20_3438,1,train
MAR20_3440,1,train
MAR20_3441,1,train
MAR20_3442,1,train
MAR20_3443,1,train
MAR20_3444,1,train
MAR20_3446,1,train
MAR20_3447,1,train
MAR20_3449,1,train
MAR20_345,1,train
MAR20_3450,1,train
MAR20_3451,1,train
MAR20_3452,1,train
MAR20_3453,1,train
MAR20_3454,1,train
MAR20_3455,1,train
MAR20_3456,1,train
MAR20_3457,1,train
MAR20_3458,1,train
MAR20_3459,1,train
MAR20_346,1,train
MAR20_3461,1,train
MAR20_3463,1,train
MAR20_3464,1,train
MAR20_3465,1,train
MAR20_3466,1,train
MAR20_3467,1,train
MAR20_3468,1,train
MAR20_347,1,train
MAR20_3471,1,train
MAR20_3472,1,train
MAR20_3474,1,train
MAR20_3475,1,train
MAR20_3476,1,train
MAR20_3477,1,train
MAR20_3478,1,train
MAR20_3479,1,train
MAR20_348,1,train
MAR20_3480,1,train
MAR20_3481,1,train
MAR20_3482,1,train
MAR20_3483,1,train
MAR20_3484,1,train
MAR20_3485,1,train
MAR20_3486,1,train
MAR20_3487,1,train
MAR20_3488,1,train
MAR20_3489,1,train
MAR20_349,1,train
MAR20_3490,1,train
MAR20_3491,1,train
MAR20_3493,1,train
MAR20_3494,1,train
MAR20_3495,1,train
MAR20_3496,1,train
MAR20_3497,1,train
MAR20_3498,1,train
MAR20_350,1,train
MAR20_3503,1,train
MAR20_3504,1,train
MAR20_3506,1,train
MAR20_3507,1,train
MAR20_3508,1,train
MAR20_351,1,train
MAR20_3510,1,train
MAR20_3511,1,train
MAR20_3513,1,train
MAR20_3514,1,train
MAR20_3515,1,train
MAR20_3516,1,train
MAR20_3517,1,train
MAR20_3518,1,train
MAR20_3519,1,train
MAR20_352,1,train
MAR20_3520,1,train
MAR20_3521,1,train
MAR20_3524,1,train
MAR20_3526,1,train
MAR20_3527,1,train
MAR20_3528,1,train
MAR20_3529,1,train
MAR20_353,1,train
MAR20_3530,1,train
MAR20_3531,1,train
MAR20_3532,1,train
MAR20_3533,1,train
MAR20_3534,1,train
MAR20_3535,1,train
MAR20_3536,1,train
MAR20_3538,1,train
MAR20_3539,1,train
MAR20_354,1,train
MAR20_3540,1,train
MAR20_3542,1,train
MAR20_3543,1,train
MAR20_3544,1,train
MAR20_3545,1,train
MAR20_3546,1,train
MAR20_3547,1,train
MAR20_3548,1,train
MAR20_3549,1,train
MAR20_3550,1,train
MAR20_3551,1,train
MAR20_3553,1,train
MAR20_3554,1,train
MAR20_3555,1,train
MAR20_3556,1,train
MAR20_3558,1,train
MAR20_3559,1,train
MAR20_356,1,train
MAR20_3560,1,train
MAR20_3561,1,train
MAR20_3563,1,train
MAR20_3564,1,train
MAR20_3566,1,train
MAR20_3567,1,train
MAR20_3568,1,train
MAR20_3569,1,train
MAR20_357,1,train
MAR20_3570,1,train
MAR20_3571,1,train
MAR20_3572,1,train
MAR20_3574,1,train
MAR20_3575,1,train
MAR20_3576,1,train
MAR20_3577,1,train
MAR20_3578,1,train
MAR20_3579,1,train
MAR20_358,1,train
MAR20_3581,1,train
MAR20_3582,1,train
MAR20_3583,1,train
MAR20_3584,1,train
MAR20_3585,1,train
MAR20_3586,1,train
MAR20_3587,1,train
MAR20_3588,1,train
MAR20_3589,1,train
MAR20_3590,1,train
MAR20_3591,1,train
MAR20_3592,1,train
MAR20_3593,1,train
MAR20_3595,1,train
MAR20_3596,1,train
MAR20_3597,1,train
MAR20_3598,1,train
MAR20_3599,1,train
MAR20_360,1,train
MAR20_3600,1,train
MAR20_3601,1,train
MAR20_3602,1,train
MAR20_3603,1,train
MAR20_3604,1,train
MAR20_3605,1,train
MAR20_3606,1,train
MAR20_3608,1,train
MAR20_3609,1,train
MAR20_361,1,train
MAR20_3610,1,train
MAR20_3612,1,train
MAR20_3615,1,train
MAR20_3616,1,train
MAR20_3617,1,train
MAR20_3618,1,train
MAR20_3619,1,train
MAR20_362,1,train
MAR20_3621,1,train
MAR20_3623,1,train
MAR20_3624,1,train
MAR20_3625,1,train
MAR20_3626,1,train
MAR20_3627,1,train
MAR20_3629,1,train
MAR20_363,1,train
MAR20_3630,1,train
MAR20_3632,1,train
MAR20_3634,1,train
MAR20_3635,1,train
MAR20_3636,1,train
MAR20_3637,1,train
MAR20_3639,1,train
MAR20_364,1,train
MAR20_3640,1,train
MAR20_3642,1,train
MAR20_3643,1,train
MAR20_3645,1,train
MAR20_3646,1,train
MAR20_365,1,train
MAR20_3650,1,train
MAR20_3652,1,train
MAR20_3653,1,train
MAR20_3654,1,train
MAR20_3656,1,train
MAR20_3658,1,train
MAR20_3659,1,train
MAR20_366,1,train
MAR20_3660,1,train
MAR20_3661,1,train
MAR20_3662,1,train
MAR20_3663,1,train
MAR20_3664,1,train
MAR20_3665,1,train
MAR20_3666,1,train
MAR20_3668,1,train
MAR20_3669,1,train
MAR20_367,1,train
MAR20_3670,1,train
MAR20_3671,1,train
MAR20_3672,1,train
MAR20_3673,1,train
MAR20_3674,1,train
MAR20_3675,1,train
MAR20_3676,1,train
MAR20_3677,1,train
MAR20_3678,1,train
MAR20_3681,1,train
MAR20_3682,1,train
MAR20_3683,1,train
MAR20_3684,1,train
MAR20_3685,1,train
MAR20_3686,1,train
MAR20_3687,1,train
MAR20_3688,1,train
MAR20_3689,1,train
MAR20_369,1,train
MAR20_3690,1,train
MAR20_3691,1,train
MAR20_3692,1,train
MAR20_3693,1,train
MAR20_3694,1,train
MAR20_3695,1,train
MAR20_3696,1,train
MAR20_3697,1,train
MAR20_3698,1,train
MAR20_3699,1,train
MAR20_37,1,train
MAR20_370,1,train
MAR20_3701,1,train
MAR20_3702,1,train
MAR20_3703,1,train
MAR20_3704,1,train
MAR20_3706,1,train
MAR20_3707,1,train
MAR20_3708,1,train
MAR20_371,1,train
MAR20_3711,1,train
MAR20_3712,1,train
MAR20_3713,1,train
MAR20_3714,1,train
MAR20_3715,1,train
MAR20_3716,1,train
MAR20_3717,1,train
MAR20_3718,1,train
MAR20_3719,1,train
MAR20_372,1,train
MAR20_3720,1,train
MAR20_3723,1,train
MAR20_3724,1,train
MAR20_3725,1,train
MAR20_3726,1,train
MAR20_3727,1,train
MAR20_3728,1,train
MAR20_3729,1,train
MAR20_373,1,train
MAR20_3730,1,train
MAR20_3731,1,train
MAR20_3732,1,train
MAR20_3733,1,train
MAR20_3734,1,train
MAR20_3735,1,train
MAR20_3736,1,train
MAR20_3737,1,train
MAR20_3738,1,train
MAR20_374,1,train
MAR20_3740,1,train
MAR20_3741,1,train
MAR20_3742,1,train
MAR20_3743,1,train
MAR20_3744,1,train
MAR20_3745,1,train
MAR20_3746,1,train
MAR20_3747,1,train
MAR20_3748,1,train
MAR20_3749,1,train
MAR20_375,1,train
MAR20_3750,1,train
MAR20_3751,1,train
MAR20_3752,1,train
MAR20_3753,1,train
MAR20_3755,1,train
MAR20_3756,1,train
MAR20_3757,1,train
MAR20_3758,1,train
MAR20_376,1,train
MAR20_3760,1,train
MAR20_3761,1,train
MAR20_3762,1,train
MAR20_3764,1,train
MAR20_3765,1,train
MAR20_3766,1,train
MAR20_3767,1,train
MAR20_3768,1,train
MAR20_3769,1,train
MAR20_377,1,train
MAR20_3770,1,train
MAR20_3771,1,train
MAR20_3773,1,train
MAR20_3774,1,train
MAR20_3775,1,train
MAR20_3777,1,train
MAR20_3778,1,train
MAR20_3779,1,train
MAR20_378,1,train
MAR20_3781,1,train
MAR20_3782,1,train
MAR20_3783,1,train
MAR20_3784,1,train
MAR20_3785,1,train
MAR20_3786,1,train
MAR20_3787,1,train
MAR20_3788,1,train
MAR20_379,1,train
MAR20_3790,1,train
MAR20_3791,1,train
MAR20_3792,1,train
MAR20_3793,1,train
MAR20_3794,1,train
MAR20_3795,1,train
MAR20_3796,1,train
MAR20_3799,1,train
MAR20_38,1,train
MAR20_3801,1,train
MAR20_3803,1,train
MAR20_3804,1,train
MAR20_3805,1,train
MAR20_3806,1,train
MAR20_3808,1,train
MAR20_381,1,train
MAR20_3810,1,train
MAR20_3812,1,train
MAR20_3813,1,train
MAR20_3814,1,train
MAR20_3815,1,train
MAR20_3816,1,train
MAR20_3817,1,train
MAR20_3818,1,train
MAR20_3819,1,train
MAR20_382,1,train
MAR20_3820,1,train
MAR20_3821,1,train
MAR20_3822,1,train
MAR20_3824,1,train
MAR20_3825,1,train
MAR20_3827,1,train
MAR20_3828,1,train
MAR20_383,1,train
MAR20_3830,1,train
MAR20_3831,1,train
MAR20_3832,1,train
MAR20_3833,1,train
MAR20_3836,1,train
MAR20_3837,1,train
MAR20_3838,1,train
MAR20_3839,1,train
MAR20_384,1,train
MAR20_3842,1,train
MAR20_386,1,train
MAR20_387,1,train
MAR20_388,1,train
MAR20_389,1,train
MAR20_390,1,train
MAR20_391,1,train
MAR20_392,1,train
MAR20_393,1,train
MAR20_394,1,train
MAR20_395,1,train
MAR20_397,1,train
MAR20_399,1,train
MAR20_4,1,train
MAR20_40,1,train
MAR20_400,1,train
MAR20_402,1,train
MAR20_403,1,train
MAR20_404,1,train
MAR20_405,1,train
MAR20_406,1,train
MAR20_407,1,train
MAR20_408,1,train
MAR20_410,1,train
MAR20_411,1,train
MAR20_413,1,train
MAR20_414,1,train
MAR20_415,1,train
MAR20_417,1,train
MAR20_418,1,train
MAR20_42,1,train
MAR20_421,1,train
MAR20_422,1,train
MAR20_423,1,train
MAR20_424,1,train
MAR20_425,1,train
MAR20_426,1,train
MAR20_427,1,train
MAR20_428,1,train
MAR20_429,1,train
MAR20_430,1,train
MAR20_432,1,train
MAR20_433,1,train
MAR20_434,1,train
MAR20_435,1,train
MAR20_436,1,train
MAR20_437,1,train
MAR20_438,1,train
MAR20_439,1,train
MAR20_440,1,train
MAR20_441,1,train
MAR20_442,1,train
MAR20_443,1,train
MAR20_444,1,train
MAR20_445,1,train
MAR20_448,1,train
MAR20_449,1,train
MAR20_450,1,train
MAR20_451,1,train
MAR20_452,1,train
MAR20_453,1,train
MAR20_455,1,train
MAR20_456,1,train
MAR20_461,1,train
MAR20_462,1,train
MAR20_463,1,train
MAR20_464,1,train
MAR20_465,1,train
MAR20_468,1,train
MAR20_469,1,train
MAR20_47,1,train
MAR20_470,1,train
MAR20_471,1,train
MAR20_472,1,train
MAR20_473,1,train
MAR20_474,1,train
MAR20_475,1,train
MAR20_477,1,train
MAR20_479,1,train
MAR20_480,1,train
MAR20_481,1,train
MAR20_482,1,train
MAR20_483,1,train
MAR20_484,1,train
MAR20_485,1,train
MAR20_486,1,train
MAR20_489,1,train
MAR20_49,1,train
MAR20_490,1,train
MAR20_491,1,train
MAR20_492,1,train
MAR20_495,1,train
MAR20_496,1,train
MAR20_497,1,train
MAR20_498,1,train
MAR20_499,1,train
MAR20_5,1,train
MAR20_500,1,train
MAR20_501,1,train
MAR20_502,1,train
MAR20_503,1,train
MAR20_504,1,train
MAR20_505,1,train
MAR20_506,1,train
MAR20_507,1,train
MAR20_508,1,train
MAR20_509,1,train
MAR20_51,1,train
MAR20_511,1,train
MAR20_512,1,train
MAR20_513,1,train
MAR20_514,1,train
MAR20_515,1,train
MAR20_516,1,train
MAR20_517,1,train
MAR20_518,1,train
MAR20_519,1,train
MAR20_52,1,train
MAR20_520,1,train
MAR20_523,1,train
MAR20_524,1,train
MAR20_525,1,train
MAR20_527,1,train
MAR20_528,1,train
MAR20_529,1,train
MAR20_530,1,train
MAR20_532,1,train
MAR20_533,1,train
MAR20_534,1,train
MAR20_535,1,train
MAR20_536,1,train
MAR20_537,1,train
MAR20_539,1,train
MAR20_540,1,train
MAR20_541,1,train
MAR20_542,1,train
MAR20_543,1,train
MAR20_547,1,train
MAR20_548,1,train
MAR20_549,1,train
MAR20_55,1,train
MAR20_552,1,train
MAR20_553,1,train
MAR20_554,1,train
MAR20_555,1,train
MAR20_556,1,train
MAR20_557,1,train
MAR20_559,1,train
MAR20_560,1,train
MAR20_561,1,train
MAR20_562,1,train
MAR20_563,1,train
MAR20_564,1,train
MAR20_565,1,train
MAR20_566,1,train
MAR20_567,1,train
MAR20_568,1,train
MAR20_569,1,train
MAR20_57,1,train
MAR20_570,1,train
MAR20_573,1,train
MAR20_574,1,train
MAR20_575,1,train
MAR20_577,1,train
MAR20_578,1,train
MAR20_579,1,train
MAR20_580,1,train
MAR20_581,1,train
MAR20_582,1,train
MAR20_583,1,train
MAR20_585,1,train
MAR20_586,1,train
MAR20_587,1,train
MAR20_588,1,train
MAR20_589,1,train
MAR20_59,1,train
MAR20_590,1,train
MAR20_591,1,train
MAR20_592,1,train
MAR20_593,1,train
MAR20_594,1,train
MAR20_595,1,train
MAR20_596,1,train
MAR20_598,1,train
MAR20_599,1,train
MAR20_60,1,train
MAR20_600,1,train
MAR20_602,1,train
MAR20_607,1,train
MAR20_608,1,train
MAR20_609,1,train
MAR20_61,1,train
MAR20_610,1,train
MAR20_611,1,train
MAR20_612,1,train
MAR20_613,1,train
MAR20_614,1,train
MAR20_615,1,train
MAR20_616,1,train
MAR20_617,1,train
MAR20_618,1,train
MAR20_62,1,train
MAR20_620,1,train
MAR20_621,1,train
MAR20_622,1,train
MAR20_623,1,train
MAR20_624,1,train
MAR20_628,1,train
MAR20_629,1,train
MAR20_63,1,train
MAR20_630,1,train
MAR20_631,1,train
MAR20_632,1,train
MAR20_633,1,train
MAR20_635,1,train
MAR20_636,1,train
MAR20_637,1,train
MAR20_638,1,train
MAR20_639,1,train
MAR20_64,1,train
MAR20_640,1,train
MAR20_641,1,train
MAR20_642,1,train
MAR20_643,1,train
MAR20_644,1,train
MAR20_645,1,train
MAR20_646,1,train
MAR20_647,1,train
MAR20_648,1,train
MAR20_649,1,train
MAR20_65,1,train
MAR20_651,1,train
MAR20_652,1,train
MAR20_654,1,train
MAR20_655,1,train
MAR20_656,1,train
MAR20_657,1,train
MAR20_658,1,train
MAR20_66,1,train
MAR20_661,1,train
MAR20_662,1,train
MAR20_663,1,train
MAR20_664,1,train
MAR20_665,1,train
MAR20_666,1,train
MAR20_667,1,train
MAR20_668,1,train
MAR20_669,1,train
MAR20_67,1,train
MAR20_670,1,train
MAR20_671,1,train
MAR20_673,1,train
MAR20_674,1,train
MAR20_677,1,train
MAR20_678,1,train
MAR20_682,1,train
MAR20_683,1,train
MAR20_684,1,train
MAR20_685,1,train
MAR20_686,1,train
MAR20_687,1,train
MAR20_688,1,train
MAR20_689,1,train
MAR20_69,1,train
MAR20_690,1,train
MAR20_692,1,train
MAR20_693,1,train
MAR20_695,1,train
MAR20_696,1,train
MAR20_698,1,train
MAR20_699,1,train
MAR20_7,1,train
MAR20_70,1,train
MAR20_701,1,train
MAR20_702,1,train
MAR20_703,1,train
MAR20_704,1,train
MAR20_706,1,train
MAR20_707,1,train
MAR20_708,1,train
MAR20_709,1,train
MAR20_71,1,train
MAR20_710,1,train
MAR20_711,1,train
MAR20_712,1,train
MAR20_714,1,train
MAR20_715,1,train
MAR20_716,1,train
MAR20_717,1,train
MAR20_719,1,train
MAR20_72,1,train
MAR20_720,1,train
MAR20_721,1,train
MAR20_722,1,train
MAR20_723,1,train
MAR20_725,1,train
MAR20_727,1,train
MAR20_728,1,train
MAR20_729,1,train
MAR20_73,1,train
MAR20_730,1,train
MAR20_731,1,train
MAR20_732,1,train
MAR20_733,1,train
MAR20_734,1,train
MAR20_735,1,train
MAR20_736,1,train
MAR20_737,1,train
MAR20_738,1,train
MAR20_739,1,train
MAR20_74,1,train
MAR20_740,1,train
MAR20_741,1,train
MAR20_742,1,train
MAR20_743,1,train
MAR20_744,1,train
MAR20_745,1,train
MAR20_746,1,train
MAR20_747,1,train
MAR20_748,1,train
MAR20_749,1,train
MAR20_75,1,train
MAR20_750,1,train
MAR20_751,1,train
MAR20_752,1,train
MAR20_753,1,train
MAR20_755,1,train
MAR20_756,1,train
MAR20_757,1,train
MAR20_758,1,train
MAR20_760,1,train
MAR20_762,1,train
MAR20_764,1,train
MAR20_765,1,train
MAR20_766,1,train
MAR20_767,1,train
MAR20_768,1,train
MAR20_769,1,train
MAR20_77,1,train
MAR20_770,1,train
MAR20_775,1,train
MAR20_776,1,train
MAR20_778,1,train
MAR20_779,1,train
MAR20_78,1,train
MAR20_780,1,train
MAR20_781,1,train
MAR20_782,1,train
MAR20_783,1,train
MAR20_784,1,train
MAR20_785,1,train
MAR20_786,1,train
MAR20_789,1,train
MAR20_79,1,train
MAR20_790,1,train
MAR20_791,1,train
MAR20_793,1,train
MAR20_794,1,train
MAR20_795,1,train
MAR20_796,1,train
MAR20_797,1,train
MAR20_8,1,train
MAR20_80,1,train
MAR20_800,1,train
MAR20_801,1,train
MAR20_802,1,train
MAR20_805,1,train
MAR20_807,1,train
MAR20_809,1,train
MAR20_81,1,train
MAR20_810,1,train
MAR20_811,1,train
MAR20_812,1,train
MAR20_813,1,train
MAR20_815,1,train
MAR20_816,1,train
MAR20_817,1,train
MAR20_819,1,train
MAR20_820,1,train
MAR20_821,1,train
MAR20_822,1,train
MAR20_823,1,train
MAR20_824,1,train
MAR20_825,1,train
MAR20_827,1,train
MAR20_828,1,train
MAR20_83,1,train
MAR20_830,1,train
MAR20_831,1,train
MAR20_832,1,train
MAR20_833,1,train
MAR20_834,1,train
MAR20_836,1,train
MAR20_837,1,train
MAR20_838,1,train
MAR20_84,1,train
MAR20_840,1,train
MAR20_841,1,train
MAR20_842,1,train
MAR20_844,1,train
MAR20_845,1,train
MAR20_846,1,train
MAR20_847,1,train
MAR20_848,1,train
MAR20_849,1,train
MAR20_851,1,train
MAR20_852,1,train
MAR20_853,1,train
MAR20_854,1,train
MAR20_856,1,train
MAR20_857,1,train
MAR20_858,1,train
MAR20_859,1,train
MAR20_86,1,train
MAR20_860,1,train
MAR20_861,1,train
MAR20_862,1,train
MAR20_863,1,train
MAR20_864,1,train
MAR20_865,1,train
MAR20_867,1,train
MAR20_868,1,train
MAR20_869,1,train
MAR20_87,1,train
MAR20_871,1,train
MAR20_872,1,train
MAR20_873,1,train
MAR20_874,1,train
MAR20_875,1,train
MAR20_876,1,train
MAR20_877,1,train
MAR20_878,1,train
MAR20_88,1,train
MAR20_880,1,train
MAR20_881,1,train
MAR20_882,1,train
MAR20_886,1,train
MAR20_887,1,train
MAR20_888,1,train
MAR20_89,1,train
MAR20_890,1,train
MAR20_891,1,train
MAR20_893,1,train
MAR20_894,1,train
MAR20_895,1,train
MAR20_896,1,train
MAR20_897,1,train
MAR20_898,1,train
MAR20_899,1,train
MAR20_9,1,train
MAR20_90,1,train
MAR20_900,1,train
MAR20_901,1,train
MAR20_902,1,train
MAR20_903,1,train
MAR20_904,1,train
MAR20_905,1,train
MAR20_906,1,train
MAR20_907,1,train
MAR20_908,1,train
MAR20_909,1,train
MAR20_91,1,train
MAR20_911,1,train
MAR20_912,1,train
MAR20_913,1,train
MAR20_914,1,train
MAR20_915,1,train
MAR20_916,1,train
MAR20_917,1,train
MAR20_918,1,train
MAR20_919,1,train
MAR20_92,1,train
MAR20_920,1,train
MAR20_921,1,train
MAR20_922,1,train
MAR20_924,1,train
MAR20_925,1,train
MAR20_926,1,train
MAR20_927,1,train
MAR20_928,1,train
MAR20_929,1,train
MAR20_931,1,train
MAR20_933,1,train
MAR20_934,1,train
MAR20_935,1,train
MAR20_936,1,train
MAR20_937,1,train
MAR20_938,1,train
MAR20_939,1,train
MAR20_94,1,train
MAR20_940,1,train
MAR20_943,1,train
MAR20_946,1,train
MAR20_947,1,train
MAR20_951,1,train
MAR20_954,1,train
MAR20_955,1,train
MAR20_956,1,train
MAR20_957,1,train
MAR20_958,1,train
MAR20_96,1,train
MAR20_960,1,train
MAR20_961,1,train
MAR20_962,1,train
MAR20_964,1,train
MAR20_965,1,train
MAR20_966,1,train
MAR20_968,1,train
MAR20_97,1,train
MAR20_970,1,train
MAR20_971,1,train
MAR20_972,1,train
MAR20_973,1,train
MAR20_974,1,train
MAR20_976,1,train
MAR20_977,1,train
MAR20_978,1,train
MAR20_979,1,train
MAR20_98,1,train
MAR20_981,1,train
MAR20_982,1,train
MAR20_983,1,train
MAR20_984,1,train
MAR20_985,1,train
MAR20_986,1,train
MAR20_987,1,train
MAR20_99,1,train
MAR20_990,1,train
MAR20_992,1,train
MAR20_993,1,train
MAR20_994,1,train
MAR20_995,1,train
MAR20_996,1,train
MAR20_997,1,train
MAR20_998,1,train
MAR20_999,1,train
W117.1_N32.6_20180715_L1A0003325477-PAN26,2,train
W117.1_N32.6_20180715_L1A0003325477-PAN28,1,train
W117.3_N32.6_20180403_L1A0003102432-PAN14,1,train
W117.3_N32.6_20180809_L1A0003381156-PAN13,1,train
W117.3_N32.6_20190422_L1A0003957860-PAN12,1,train
W117.3_N32.6_20190422_L1A0003957860-PAN15,1,train
W157.8_N21.3_20180901_L1A0003426640-PAN25,2,train
W157.8_N21.3_20180901_L1A0003426640-PAN28,2,train
W157.9_N21.3_20150119_L1A0000600031-PAN20,3,train
W157.9_N21.3_20150119_L1A0000600031-PAN21,2,train
W157.9_N21.3_20150119_L1A0000600031-PAN27,4,train
W157.9_N21.3_20150119_L1A0000600031-PAN28,4,train
W157.9_N21.3_20150119_L1A0000600031-PAN29,4,train
W157.9_N21.3_20160709_L1A0001690055-PAN20,3,train
W157.9_N21.3_20160709_L1A0001690055-PAN23,4,train
W157.9_N21.3_20160709_L1A0001690055-PAN24,2,train
W158.0_N21.4_20190415_L1A0003949798-PAN13,4,train
W158.1_N21.4_20180619_L1A0003270052-PAN14,2,train
W76.3_N37.0_20150318_L1A0000704021-PAN20,4,train
W76.3_N37.0_20150318_L1A0000704021-PAN27,4,train
fsc_AGZ-N22.66-E120.46-lv20-Google,1,train
fsc_AGZ-N23.00-E120.33-lv20-Bing,3,train
fsc_AGZ-N23.00-E120.33-lv20-Google,3,train
fsc_AGZ-N23.44-E120.40-lv20-Bing,2,train
fsc_AGZ-N23.44-E120.40-lv20-Google,2,train
fsc_AGZ-N24.15-E120.73-lv20-Bing,1,train
fsc_AGZ-N24.15-E120.73-lv20-Google,2,train
fsc_AGZ-N24.25-E120.64-lv20-Google,2,train
fsc_AGZ-N24.95-E121.51-lv20-Bing,2,train
fsc_AGZ-N24.95-E121.51-lv20-Google,1,train
fsc_AGZ-N25.02-E121.33-lv20-Bing,1,train
fsc_AGZ-N25.02-E121.33-lv20-Google,1,train
fsc_AGZ-N25.03-E121.59-lv20-Bing,1,train
fsc_AGZ-N25.03-E121.59-lv20-Google,2,train
fsc_AGZ-N34.62-E136.25-lv20-Bing,2,train
fsc_AGZ-N34.62-E136.25-lv20-Google,1,train
fsc_AGZ-N35.40-E37.00-lv20-Bing,2,train
fsc_AGZ-N35.40-E37.00-lv20-Google,1,train
fsc_AGZ-N35.84-E139.41-lv20-Bing,1,train
fsc_AGZ-N35.84-E139.41-lv20-Google,2,train
fsc_AGZ-N35.89-E126.62-lv20-Google,2,train
fsc_AGZ-N35.89-E126.62-lv20-Yandex,2,train
fsc_AGZ-N42.80-E141.65-lv20-Bing,2,train
fsc_AGZ-N42.80-E141.65-lv20-Google,2,train
fsc_FKDD-N31.32-E31.05-lv20-Bing,2,train
fsc_FKDD-N31.32-E31.05-lv20-Google,1,train
fsc_FKDD-N31.32-E31.05-lv20-Yandex,1,train
fsc_HMS-N26.20-E127.66-lv20-google,1,train
fsc_HMS-N26.20-E127.66-lv20-yandex,1,train
fsc_SD-N36.03-E128.13-lv20-Bing,2,train
fsc_SD-N36.03-E128.13-lv20-Google,1,train
fsc_TG-N22.33-E120.62-lv20-Bing,2,train
fsc_TG-N22.33-E120.62-lv20-Google,2,train
fsc_TG-N23.66-E119.55-lv20-Google,1,train
fsc_TG-N23.66-E119.55-lv20-bing,2,train
fsc_TG-N24.02-E121.62-lv20-Bing,2,train
fsc_TG-N24.02-E121.62-lv20-Google,2,train
fsc_TG-N24.21-E120.59-lv20-Google,3,train
fsc_TG-N25.20-E121.42-lv20-Bing,1,train
fsc_TG-N25.20-E121.42-lv20-Google,1,train
fsc_TG-N25.20-E121.42-lv20-Yandex,1,train
